desc_id,array_index
gpt2-xl_L0_U440_D1,0
gpt2-xl_L0_U440_D2,1
gpt2-xl_L0_U440_D3,2
gpt2-xl_L0_U440_D4,3
gpt2-xl_L0_U440_D5,4
gpt2-xl_L0_U1149_D1,5
gpt2-xl_L0_U1149_D2,6
gpt2-xl_L0_U1149_D3,7
gpt2-xl_L0_U1149_D4,8
gpt2-xl_L0_U1149_D5,9
gpt2-xl_L0_U1749_D1,10
gpt2-xl_L0_U1749_D2,11
gpt2-xl_L0_U1749_D3,12
gpt2-xl_L0_U1749_D4,13
gpt2-xl_L0_U1749_D5,14
gpt2-xl_L0_U2725_D1,15
gpt2-xl_L0_U2725_D2,16
gpt2-xl_L0_U2725_D3,17
gpt2-xl_L0_U2725_D4,18
gpt2-xl_L0_U2725_D5,19
gpt2-xl_L0_U3057_D1,20
gpt2-xl_L0_U3057_D2,21
gpt2-xl_L0_U3057_D3,22
gpt2-xl_L0_U3057_D4,23
gpt2-xl_L0_U3057_D5,24
gpt2-xl_L0_U3124_D1,25
gpt2-xl_L0_U3124_D2,26
gpt2-xl_L0_U3124_D3,27
gpt2-xl_L0_U3124_D4,28
gpt2-xl_L0_U3124_D5,29
gpt2-xl_L0_U3279_D1,30
gpt2-xl_L0_U3279_D2,31
gpt2-xl_L0_U3279_D3,32
gpt2-xl_L0_U3279_D4,33
gpt2-xl_L0_U3279_D5,34
gpt2-xl_L0_U3533_D1,35
gpt2-xl_L0_U3533_D2,36
gpt2-xl_L0_U3533_D3,37
gpt2-xl_L0_U3533_D4,38
gpt2-xl_L0_U3533_D5,39
gpt2-xl_L0_U3696_D1,40
gpt2-xl_L0_U3696_D2,41
gpt2-xl_L0_U3696_D3,42
gpt2-xl_L0_U3696_D4,43
gpt2-xl_L0_U3696_D5,44
gpt2-xl_L0_U3943_D1,45
gpt2-xl_L0_U3943_D2,46
gpt2-xl_L0_U3943_D3,47
gpt2-xl_L0_U3943_D4,48
gpt2-xl_L0_U3943_D5,49
gpt2-xl_L0_U4297_D1,50
gpt2-xl_L0_U4297_D2,51
gpt2-xl_L0_U4297_D3,52
gpt2-xl_L0_U4297_D4,53
gpt2-xl_L0_U4297_D5,54
gpt2-xl_L0_U4405_D1,55
gpt2-xl_L0_U4405_D2,56
gpt2-xl_L0_U4405_D3,57
gpt2-xl_L0_U4405_D4,58
gpt2-xl_L0_U4405_D5,59
gpt2-xl_L0_U4679_D1,60
gpt2-xl_L0_U4679_D2,61
gpt2-xl_L0_U4679_D3,62
gpt2-xl_L0_U4679_D4,63
gpt2-xl_L0_U4679_D5,64
gpt2-xl_L0_U4842_D1,65
gpt2-xl_L0_U4842_D2,66
gpt2-xl_L0_U4842_D3,67
gpt2-xl_L0_U4842_D4,68
gpt2-xl_L0_U4842_D5,69
gpt2-xl_L0_U5085_D1,70
gpt2-xl_L0_U5085_D2,71
gpt2-xl_L0_U5085_D3,72
gpt2-xl_L0_U5085_D4,73
gpt2-xl_L0_U5085_D5,74
gpt2-xl_L0_U5551_D1,75
gpt2-xl_L0_U5551_D2,76
gpt2-xl_L0_U5551_D3,77
gpt2-xl_L0_U5551_D4,78
gpt2-xl_L0_U5551_D5,79
gpt2-xl_L0_U5781_D1,80
gpt2-xl_L0_U5781_D2,81
gpt2-xl_L0_U5781_D3,82
gpt2-xl_L0_U5781_D4,83
gpt2-xl_L0_U5781_D5,84
gpt2-xl_L0_U5960_D1,85
gpt2-xl_L0_U5960_D2,86
gpt2-xl_L0_U5960_D3,87
gpt2-xl_L0_U5960_D4,88
gpt2-xl_L0_U5960_D5,89
gpt2-xl_L0_U6114_D1,90
gpt2-xl_L0_U6114_D2,91
gpt2-xl_L0_U6114_D3,92
gpt2-xl_L0_U6114_D4,93
gpt2-xl_L0_U6114_D5,94
gpt2-xl_L0_U6314_D1,95
gpt2-xl_L0_U6314_D2,96
gpt2-xl_L0_U6314_D3,97
gpt2-xl_L0_U6314_D4,98
gpt2-xl_L0_U6314_D5,99
gpt2-xl_L20_U328_D1,100
gpt2-xl_L20_U328_D2,101
gpt2-xl_L20_U328_D3,102
gpt2-xl_L20_U328_D4,103
gpt2-xl_L20_U328_D5,104
gpt2-xl_L20_U1004_D1,105
gpt2-xl_L20_U1004_D2,106
gpt2-xl_L20_U1004_D3,107
gpt2-xl_L20_U1004_D4,108
gpt2-xl_L20_U1004_D5,109
gpt2-xl_L20_U1406_D1,110
gpt2-xl_L20_U1406_D2,111
gpt2-xl_L20_U1406_D3,112
gpt2-xl_L20_U1406_D4,113
gpt2-xl_L20_U1406_D5,114
gpt2-xl_L20_U1424_D1,115
gpt2-xl_L20_U1424_D2,116
gpt2-xl_L20_U1424_D3,117
gpt2-xl_L20_U1424_D4,118
gpt2-xl_L20_U1424_D5,119
gpt2-xl_L20_U1790_D1,120
gpt2-xl_L20_U1790_D2,121
gpt2-xl_L20_U1790_D3,122
gpt2-xl_L20_U1790_D4,123
gpt2-xl_L20_U1790_D5,124
gpt2-xl_L20_U2325_D1,125
gpt2-xl_L20_U2325_D2,126
gpt2-xl_L20_U2325_D3,127
gpt2-xl_L20_U2325_D4,128
gpt2-xl_L20_U2325_D5,129
gpt2-xl_L20_U2679_D1,130
gpt2-xl_L20_U2679_D2,131
gpt2-xl_L20_U2679_D3,132
gpt2-xl_L20_U2679_D4,133
gpt2-xl_L20_U2679_D5,134
gpt2-xl_L20_U2700_D1,135
gpt2-xl_L20_U2700_D2,136
gpt2-xl_L20_U2700_D3,137
gpt2-xl_L20_U2700_D4,138
gpt2-xl_L20_U2700_D5,139
gpt2-xl_L20_U2869_D1,140
gpt2-xl_L20_U2869_D2,141
gpt2-xl_L20_U2869_D3,142
gpt2-xl_L20_U2869_D4,143
gpt2-xl_L20_U2869_D5,144
gpt2-xl_L20_U2988_D1,145
gpt2-xl_L20_U2988_D2,146
gpt2-xl_L20_U2988_D3,147
gpt2-xl_L20_U2988_D4,148
gpt2-xl_L20_U2988_D5,149
gpt2-xl_L20_U3313_D1,150
gpt2-xl_L20_U3313_D2,151
gpt2-xl_L20_U3313_D3,152
gpt2-xl_L20_U3313_D4,153
gpt2-xl_L20_U3313_D5,154
gpt2-xl_L20_U3885_D1,155
gpt2-xl_L20_U3885_D2,156
gpt2-xl_L20_U3885_D3,157
gpt2-xl_L20_U3885_D4,158
gpt2-xl_L20_U3885_D5,159
gpt2-xl_L20_U4268_D1,160
gpt2-xl_L20_U4268_D2,161
gpt2-xl_L20_U4268_D3,162
gpt2-xl_L20_U4268_D4,163
gpt2-xl_L20_U4268_D5,164
gpt2-xl_L20_U4447_D1,165
gpt2-xl_L20_U4447_D2,166
gpt2-xl_L20_U4447_D3,167
gpt2-xl_L20_U4447_D4,168
gpt2-xl_L20_U4447_D5,169
gpt2-xl_L20_U4683_D1,170
gpt2-xl_L20_U4683_D2,171
gpt2-xl_L20_U4683_D3,172
gpt2-xl_L20_U4683_D4,173
gpt2-xl_L20_U4683_D5,174
gpt2-xl_L20_U5278_D1,175
gpt2-xl_L20_U5278_D2,176
gpt2-xl_L20_U5278_D3,177
gpt2-xl_L20_U5278_D4,178
gpt2-xl_L20_U5278_D5,179
gpt2-xl_L20_U5662_D1,180
gpt2-xl_L20_U5662_D2,181
gpt2-xl_L20_U5662_D3,182
gpt2-xl_L20_U5662_D4,183
gpt2-xl_L20_U5662_D5,184
gpt2-xl_L20_U5741_D1,185
gpt2-xl_L20_U5741_D2,186
gpt2-xl_L20_U5741_D3,187
gpt2-xl_L20_U5741_D4,188
gpt2-xl_L20_U5741_D5,189
gpt2-xl_L20_U5789_D1,190
gpt2-xl_L20_U5789_D2,191
gpt2-xl_L20_U5789_D3,192
gpt2-xl_L20_U5789_D4,193
gpt2-xl_L20_U5789_D5,194
gpt2-xl_L20_U6045_D1,195
gpt2-xl_L20_U6045_D2,196
gpt2-xl_L20_U6045_D3,197
gpt2-xl_L20_U6045_D4,198
gpt2-xl_L20_U6045_D5,199
gpt2-xl_L40_U183_D1,200
gpt2-xl_L40_U183_D2,201
gpt2-xl_L40_U183_D3,202
gpt2-xl_L40_U183_D4,203
gpt2-xl_L40_U183_D5,204
gpt2-xl_L40_U364_D1,205
gpt2-xl_L40_U364_D2,206
gpt2-xl_L40_U364_D3,207
gpt2-xl_L40_U364_D4,208
gpt2-xl_L40_U364_D5,209
gpt2-xl_L40_U556_D1,210
gpt2-xl_L40_U556_D2,211
gpt2-xl_L40_U556_D3,212
gpt2-xl_L40_U556_D4,213
gpt2-xl_L40_U556_D5,214
gpt2-xl_L40_U824_D1,215
gpt2-xl_L40_U824_D2,216
gpt2-xl_L40_U824_D3,217
gpt2-xl_L40_U824_D4,218
gpt2-xl_L40_U824_D5,219
gpt2-xl_L40_U1516_D1,220
gpt2-xl_L40_U1516_D2,221
gpt2-xl_L40_U1516_D3,222
gpt2-xl_L40_U1516_D4,223
gpt2-xl_L40_U1516_D5,224
gpt2-xl_L40_U1555_D1,225
gpt2-xl_L40_U1555_D2,226
gpt2-xl_L40_U1555_D3,227
gpt2-xl_L40_U1555_D4,228
gpt2-xl_L40_U1555_D5,229
gpt2-xl_L40_U1823_D1,230
gpt2-xl_L40_U1823_D2,231
gpt2-xl_L40_U1823_D3,232
gpt2-xl_L40_U1823_D4,233
gpt2-xl_L40_U1823_D5,234
gpt2-xl_L40_U3254_D1,235
gpt2-xl_L40_U3254_D2,236
gpt2-xl_L40_U3254_D3,237
gpt2-xl_L40_U3254_D4,238
gpt2-xl_L40_U3254_D5,239
gpt2-xl_L40_U3515_D1,240
gpt2-xl_L40_U3515_D2,241
gpt2-xl_L40_U3515_D3,242
gpt2-xl_L40_U3515_D4,243
gpt2-xl_L40_U3515_D5,244
gpt2-xl_L40_U3612_D1,245
gpt2-xl_L40_U3612_D2,246
gpt2-xl_L40_U3612_D3,247
gpt2-xl_L40_U3612_D4,248
gpt2-xl_L40_U3612_D5,249
gpt2-xl_L40_U3636_D1,250
gpt2-xl_L40_U3636_D2,251
gpt2-xl_L40_U3636_D3,252
gpt2-xl_L40_U3636_D4,253
gpt2-xl_L40_U3636_D5,254
gpt2-xl_L40_U3948_D1,255
gpt2-xl_L40_U3948_D2,256
gpt2-xl_L40_U3948_D3,257
gpt2-xl_L40_U3948_D4,258
gpt2-xl_L40_U3948_D5,259
gpt2-xl_L40_U4055_D1,260
gpt2-xl_L40_U4055_D2,261
gpt2-xl_L40_U4055_D3,262
gpt2-xl_L40_U4055_D4,263
gpt2-xl_L40_U4055_D5,264
gpt2-xl_L40_U4244_D1,265
gpt2-xl_L40_U4244_D2,266
gpt2-xl_L40_U4244_D3,267
gpt2-xl_L40_U4244_D4,268
gpt2-xl_L40_U4244_D5,269
gpt2-xl_L40_U4808_D1,270
gpt2-xl_L40_U4808_D2,271
gpt2-xl_L40_U4808_D3,272
gpt2-xl_L40_U4808_D4,273
gpt2-xl_L40_U4808_D5,274
gpt2-xl_L40_U4965_D1,275
gpt2-xl_L40_U4965_D2,276
gpt2-xl_L40_U4965_D3,277
gpt2-xl_L40_U4965_D4,278
gpt2-xl_L40_U4965_D5,279
gpt2-xl_L40_U5557_D1,280
gpt2-xl_L40_U5557_D2,281
gpt2-xl_L40_U5557_D3,282
gpt2-xl_L40_U5557_D4,283
gpt2-xl_L40_U5557_D5,284
gpt2-xl_L40_U6067_D1,285
gpt2-xl_L40_U6067_D2,286
gpt2-xl_L40_U6067_D3,287
gpt2-xl_L40_U6067_D4,288
gpt2-xl_L40_U6067_D5,289
gpt2-xl_L40_U6106_D1,290
gpt2-xl_L40_U6106_D2,291
gpt2-xl_L40_U6106_D3,292
gpt2-xl_L40_U6106_D4,293
gpt2-xl_L40_U6106_D5,294
gpt2-xl_L40_U6364_D1,295
gpt2-xl_L40_U6364_D2,296
gpt2-xl_L40_U6364_D3,297
gpt2-xl_L40_U6364_D4,298
gpt2-xl_L40_U6364_D5,299
Llama-3.1-8B-Instruct_L0_U823_D1,300
Llama-3.1-8B-Instruct_L0_U823_D2,301
Llama-3.1-8B-Instruct_L0_U823_D3,302
Llama-3.1-8B-Instruct_L0_U823_D4,303
Llama-3.1-8B-Instruct_L0_U823_D5,304
Llama-3.1-8B-Instruct_L0_U1997_D1,305
Llama-3.1-8B-Instruct_L0_U1997_D2,306
Llama-3.1-8B-Instruct_L0_U1997_D3,307
Llama-3.1-8B-Instruct_L0_U1997_D4,308
Llama-3.1-8B-Instruct_L0_U1997_D5,309
Llama-3.1-8B-Instruct_L0_U2395_D1,310
Llama-3.1-8B-Instruct_L0_U2395_D2,311
Llama-3.1-8B-Instruct_L0_U2395_D3,312
Llama-3.1-8B-Instruct_L0_U2395_D4,313
Llama-3.1-8B-Instruct_L0_U2395_D5,314
Llama-3.1-8B-Instruct_L0_U3016_D1,315
Llama-3.1-8B-Instruct_L0_U3016_D2,316
Llama-3.1-8B-Instruct_L0_U3016_D3,317
Llama-3.1-8B-Instruct_L0_U3016_D4,318
Llama-3.1-8B-Instruct_L0_U3016_D5,319
Llama-3.1-8B-Instruct_L0_U3887_D1,320
Llama-3.1-8B-Instruct_L0_U3887_D2,321
Llama-3.1-8B-Instruct_L0_U3887_D3,322
Llama-3.1-8B-Instruct_L0_U3887_D4,323
Llama-3.1-8B-Instruct_L0_U3887_D5,324
Llama-3.1-8B-Instruct_L0_U5359_D1,325
Llama-3.1-8B-Instruct_L0_U5359_D2,326
Llama-3.1-8B-Instruct_L0_U5359_D3,327
Llama-3.1-8B-Instruct_L0_U5359_D4,328
Llama-3.1-8B-Instruct_L0_U5359_D5,329
Llama-3.1-8B-Instruct_L0_U5716_D1,330
Llama-3.1-8B-Instruct_L0_U5716_D2,331
Llama-3.1-8B-Instruct_L0_U5716_D3,332
Llama-3.1-8B-Instruct_L0_U5716_D4,333
Llama-3.1-8B-Instruct_L0_U5716_D5,334
Llama-3.1-8B-Instruct_L0_U6179_D1,335
Llama-3.1-8B-Instruct_L0_U6179_D2,336
Llama-3.1-8B-Instruct_L0_U6179_D3,337
Llama-3.1-8B-Instruct_L0_U6179_D4,338
Llama-3.1-8B-Instruct_L0_U6179_D5,339
Llama-3.1-8B-Instruct_L0_U7117_D1,340
Llama-3.1-8B-Instruct_L0_U7117_D2,341
Llama-3.1-8B-Instruct_L0_U7117_D3,342
Llama-3.1-8B-Instruct_L0_U7117_D4,343
Llama-3.1-8B-Instruct_L0_U7117_D5,344
Llama-3.1-8B-Instruct_L0_U7181_D1,345
Llama-3.1-8B-Instruct_L0_U7181_D2,346
Llama-3.1-8B-Instruct_L0_U7181_D3,347
Llama-3.1-8B-Instruct_L0_U7181_D4,348
Llama-3.1-8B-Instruct_L0_U7181_D5,349
Llama-3.1-8B-Instruct_L0_U8039_D1,350
Llama-3.1-8B-Instruct_L0_U8039_D2,351
Llama-3.1-8B-Instruct_L0_U8039_D3,352
Llama-3.1-8B-Instruct_L0_U8039_D4,353
Llama-3.1-8B-Instruct_L0_U8039_D5,354
Llama-3.1-8B-Instruct_L0_U9782_D1,355
Llama-3.1-8B-Instruct_L0_U9782_D2,356
Llama-3.1-8B-Instruct_L0_U9782_D3,357
Llama-3.1-8B-Instruct_L0_U9782_D4,358
Llama-3.1-8B-Instruct_L0_U9782_D5,359
Llama-3.1-8B-Instruct_L0_U9811_D1,360
Llama-3.1-8B-Instruct_L0_U9811_D2,361
Llama-3.1-8B-Instruct_L0_U9811_D3,362
Llama-3.1-8B-Instruct_L0_U9811_D4,363
Llama-3.1-8B-Instruct_L0_U9811_D5,364
Llama-3.1-8B-Instruct_L0_U10081_D1,365
Llama-3.1-8B-Instruct_L0_U10081_D2,366
Llama-3.1-8B-Instruct_L0_U10081_D3,367
Llama-3.1-8B-Instruct_L0_U10081_D4,368
Llama-3.1-8B-Instruct_L0_U10081_D5,369
Llama-3.1-8B-Instruct_L0_U10095_D1,370
Llama-3.1-8B-Instruct_L0_U10095_D2,371
Llama-3.1-8B-Instruct_L0_U10095_D3,372
Llama-3.1-8B-Instruct_L0_U10095_D4,373
Llama-3.1-8B-Instruct_L0_U10095_D5,374
Llama-3.1-8B-Instruct_L0_U10609_D1,375
Llama-3.1-8B-Instruct_L0_U10609_D2,376
Llama-3.1-8B-Instruct_L0_U10609_D3,377
Llama-3.1-8B-Instruct_L0_U10609_D4,378
Llama-3.1-8B-Instruct_L0_U10609_D5,379
Llama-3.1-8B-Instruct_L0_U10851_D1,380
Llama-3.1-8B-Instruct_L0_U10851_D2,381
Llama-3.1-8B-Instruct_L0_U10851_D3,382
Llama-3.1-8B-Instruct_L0_U10851_D4,383
Llama-3.1-8B-Instruct_L0_U10851_D5,384
Llama-3.1-8B-Instruct_L0_U12733_D1,385
Llama-3.1-8B-Instruct_L0_U12733_D2,386
Llama-3.1-8B-Instruct_L0_U12733_D3,387
Llama-3.1-8B-Instruct_L0_U12733_D4,388
Llama-3.1-8B-Instruct_L0_U12733_D5,389
Llama-3.1-8B-Instruct_L0_U12865_D1,390
Llama-3.1-8B-Instruct_L0_U12865_D2,391
Llama-3.1-8B-Instruct_L0_U12865_D3,392
Llama-3.1-8B-Instruct_L0_U12865_D4,393
Llama-3.1-8B-Instruct_L0_U12865_D5,394
Llama-3.1-8B-Instruct_L0_U13480_D1,395
Llama-3.1-8B-Instruct_L0_U13480_D2,396
Llama-3.1-8B-Instruct_L0_U13480_D3,397
Llama-3.1-8B-Instruct_L0_U13480_D4,398
Llama-3.1-8B-Instruct_L0_U13480_D5,399
Llama-3.1-8B-Instruct_L20_U99_D1,400
Llama-3.1-8B-Instruct_L20_U99_D2,401
Llama-3.1-8B-Instruct_L20_U99_D3,402
Llama-3.1-8B-Instruct_L20_U99_D4,403
Llama-3.1-8B-Instruct_L20_U99_D5,404
Llama-3.1-8B-Instruct_L20_U3032_D1,405
Llama-3.1-8B-Instruct_L20_U3032_D2,406
Llama-3.1-8B-Instruct_L20_U3032_D3,407
Llama-3.1-8B-Instruct_L20_U3032_D4,408
Llama-3.1-8B-Instruct_L20_U3032_D5,409
Llama-3.1-8B-Instruct_L20_U3740_D1,410
Llama-3.1-8B-Instruct_L20_U3740_D2,411
Llama-3.1-8B-Instruct_L20_U3740_D3,412
Llama-3.1-8B-Instruct_L20_U3740_D4,413
Llama-3.1-8B-Instruct_L20_U3740_D5,414
Llama-3.1-8B-Instruct_L20_U5188_D1,415
Llama-3.1-8B-Instruct_L20_U5188_D2,416
Llama-3.1-8B-Instruct_L20_U5188_D3,417
Llama-3.1-8B-Instruct_L20_U5188_D4,418
Llama-3.1-8B-Instruct_L20_U5188_D5,419
Llama-3.1-8B-Instruct_L20_U5424_D1,420
Llama-3.1-8B-Instruct_L20_U5424_D2,421
Llama-3.1-8B-Instruct_L20_U5424_D3,422
Llama-3.1-8B-Instruct_L20_U5424_D4,423
Llama-3.1-8B-Instruct_L20_U5424_D5,424
Llama-3.1-8B-Instruct_L20_U5733_D1,425
Llama-3.1-8B-Instruct_L20_U5733_D2,426
Llama-3.1-8B-Instruct_L20_U5733_D3,427
Llama-3.1-8B-Instruct_L20_U5733_D4,428
Llama-3.1-8B-Instruct_L20_U5733_D5,429
Llama-3.1-8B-Instruct_L20_U7860_D1,430
Llama-3.1-8B-Instruct_L20_U7860_D2,431
Llama-3.1-8B-Instruct_L20_U7860_D3,432
Llama-3.1-8B-Instruct_L20_U7860_D4,433
Llama-3.1-8B-Instruct_L20_U7860_D5,434
Llama-3.1-8B-Instruct_L20_U8256_D1,435
Llama-3.1-8B-Instruct_L20_U8256_D2,436
Llama-3.1-8B-Instruct_L20_U8256_D3,437
Llama-3.1-8B-Instruct_L20_U8256_D4,438
Llama-3.1-8B-Instruct_L20_U8256_D5,439
Llama-3.1-8B-Instruct_L20_U8476_D1,440
Llama-3.1-8B-Instruct_L20_U8476_D2,441
Llama-3.1-8B-Instruct_L20_U8476_D3,442
Llama-3.1-8B-Instruct_L20_U8476_D4,443
Llama-3.1-8B-Instruct_L20_U8476_D5,444
Llama-3.1-8B-Instruct_L20_U8552_D1,445
Llama-3.1-8B-Instruct_L20_U8552_D2,446
Llama-3.1-8B-Instruct_L20_U8552_D3,447
Llama-3.1-8B-Instruct_L20_U8552_D4,448
Llama-3.1-8B-Instruct_L20_U8552_D5,449
Llama-3.1-8B-Instruct_L20_U8631_D1,450
Llama-3.1-8B-Instruct_L20_U8631_D2,451
Llama-3.1-8B-Instruct_L20_U8631_D3,452
Llama-3.1-8B-Instruct_L20_U8631_D4,453
Llama-3.1-8B-Instruct_L20_U8631_D5,454
Llama-3.1-8B-Instruct_L20_U8876_D1,455
Llama-3.1-8B-Instruct_L20_U8876_D2,456
Llama-3.1-8B-Instruct_L20_U8876_D3,457
Llama-3.1-8B-Instruct_L20_U8876_D4,458
Llama-3.1-8B-Instruct_L20_U8876_D5,459
Llama-3.1-8B-Instruct_L20_U9836_D1,460
Llama-3.1-8B-Instruct_L20_U9836_D2,461
Llama-3.1-8B-Instruct_L20_U9836_D3,462
Llama-3.1-8B-Instruct_L20_U9836_D4,463
Llama-3.1-8B-Instruct_L20_U9836_D5,464
Llama-3.1-8B-Instruct_L20_U10046_D1,465
Llama-3.1-8B-Instruct_L20_U10046_D2,466
Llama-3.1-8B-Instruct_L20_U10046_D3,467
Llama-3.1-8B-Instruct_L20_U10046_D4,468
Llama-3.1-8B-Instruct_L20_U10046_D5,469
Llama-3.1-8B-Instruct_L20_U10182_D1,470
Llama-3.1-8B-Instruct_L20_U10182_D2,471
Llama-3.1-8B-Instruct_L20_U10182_D3,472
Llama-3.1-8B-Instruct_L20_U10182_D4,473
Llama-3.1-8B-Instruct_L20_U10182_D5,474
Llama-3.1-8B-Instruct_L20_U10617_D1,475
Llama-3.1-8B-Instruct_L20_U10617_D2,476
Llama-3.1-8B-Instruct_L20_U10617_D3,477
Llama-3.1-8B-Instruct_L20_U10617_D4,478
Llama-3.1-8B-Instruct_L20_U10617_D5,479
Llama-3.1-8B-Instruct_L20_U10765_D1,480
Llama-3.1-8B-Instruct_L20_U10765_D2,481
Llama-3.1-8B-Instruct_L20_U10765_D3,482
Llama-3.1-8B-Instruct_L20_U10765_D4,483
Llama-3.1-8B-Instruct_L20_U10765_D5,484
Llama-3.1-8B-Instruct_L20_U11587_D1,485
Llama-3.1-8B-Instruct_L20_U11587_D2,486
Llama-3.1-8B-Instruct_L20_U11587_D3,487
Llama-3.1-8B-Instruct_L20_U11587_D4,488
Llama-3.1-8B-Instruct_L20_U11587_D5,489
Llama-3.1-8B-Instruct_L20_U11626_D1,490
Llama-3.1-8B-Instruct_L20_U11626_D2,491
Llama-3.1-8B-Instruct_L20_U11626_D3,492
Llama-3.1-8B-Instruct_L20_U11626_D4,493
Llama-3.1-8B-Instruct_L20_U11626_D5,494
Llama-3.1-8B-Instruct_L20_U12784_D1,495
Llama-3.1-8B-Instruct_L20_U12784_D2,496
Llama-3.1-8B-Instruct_L20_U12784_D3,497
Llama-3.1-8B-Instruct_L20_U12784_D4,498
Llama-3.1-8B-Instruct_L20_U12784_D5,499
Llama-3.1-8B-Instruct_L30_U46_D1,500
Llama-3.1-8B-Instruct_L30_U46_D2,501
Llama-3.1-8B-Instruct_L30_U46_D3,502
Llama-3.1-8B-Instruct_L30_U46_D4,503
Llama-3.1-8B-Instruct_L30_U46_D5,504
Llama-3.1-8B-Instruct_L30_U129_D1,505
Llama-3.1-8B-Instruct_L30_U129_D2,506
Llama-3.1-8B-Instruct_L30_U129_D3,507
Llama-3.1-8B-Instruct_L30_U129_D4,508
Llama-3.1-8B-Instruct_L30_U129_D5,509
Llama-3.1-8B-Instruct_L30_U557_D1,510
Llama-3.1-8B-Instruct_L30_U557_D2,511
Llama-3.1-8B-Instruct_L30_U557_D3,512
Llama-3.1-8B-Instruct_L30_U557_D4,513
Llama-3.1-8B-Instruct_L30_U557_D5,514
Llama-3.1-8B-Instruct_L30_U715_D1,515
Llama-3.1-8B-Instruct_L30_U715_D2,516
Llama-3.1-8B-Instruct_L30_U715_D3,517
Llama-3.1-8B-Instruct_L30_U715_D4,518
Llama-3.1-8B-Instruct_L30_U715_D5,519
Llama-3.1-8B-Instruct_L30_U738_D1,520
Llama-3.1-8B-Instruct_L30_U738_D2,521
Llama-3.1-8B-Instruct_L30_U738_D3,522
Llama-3.1-8B-Instruct_L30_U738_D4,523
Llama-3.1-8B-Instruct_L30_U738_D5,524
Llama-3.1-8B-Instruct_L30_U1721_D1,525
Llama-3.1-8B-Instruct_L30_U1721_D2,526
Llama-3.1-8B-Instruct_L30_U1721_D3,527
Llama-3.1-8B-Instruct_L30_U1721_D4,528
Llama-3.1-8B-Instruct_L30_U1721_D5,529
Llama-3.1-8B-Instruct_L30_U1911_D1,530
Llama-3.1-8B-Instruct_L30_U1911_D2,531
Llama-3.1-8B-Instruct_L30_U1911_D3,532
Llama-3.1-8B-Instruct_L30_U1911_D4,533
Llama-3.1-8B-Instruct_L30_U1911_D5,534
Llama-3.1-8B-Instruct_L30_U2324_D1,535
Llama-3.1-8B-Instruct_L30_U2324_D2,536
Llama-3.1-8B-Instruct_L30_U2324_D3,537
Llama-3.1-8B-Instruct_L30_U2324_D4,538
Llama-3.1-8B-Instruct_L30_U2324_D5,539
Llama-3.1-8B-Instruct_L30_U2589_D1,540
Llama-3.1-8B-Instruct_L30_U2589_D2,541
Llama-3.1-8B-Instruct_L30_U2589_D3,542
Llama-3.1-8B-Instruct_L30_U2589_D4,543
Llama-3.1-8B-Instruct_L30_U2589_D5,544
Llama-3.1-8B-Instruct_L30_U3461_D1,545
Llama-3.1-8B-Instruct_L30_U3461_D2,546
Llama-3.1-8B-Instruct_L30_U3461_D3,547
Llama-3.1-8B-Instruct_L30_U3461_D4,548
Llama-3.1-8B-Instruct_L30_U3461_D5,549
Llama-3.1-8B-Instruct_L30_U3828_D1,550
Llama-3.1-8B-Instruct_L30_U3828_D2,551
Llama-3.1-8B-Instruct_L30_U3828_D3,552
Llama-3.1-8B-Instruct_L30_U3828_D4,553
Llama-3.1-8B-Instruct_L30_U3828_D5,554
Llama-3.1-8B-Instruct_L30_U4971_D1,555
Llama-3.1-8B-Instruct_L30_U4971_D2,556
Llama-3.1-8B-Instruct_L30_U4971_D3,557
Llama-3.1-8B-Instruct_L30_U4971_D4,558
Llama-3.1-8B-Instruct_L30_U4971_D5,559
Llama-3.1-8B-Instruct_L30_U5245_D1,560
Llama-3.1-8B-Instruct_L30_U5245_D2,561
Llama-3.1-8B-Instruct_L30_U5245_D3,562
Llama-3.1-8B-Instruct_L30_U5245_D4,563
Llama-3.1-8B-Instruct_L30_U5245_D5,564
Llama-3.1-8B-Instruct_L30_U6472_D1,565
Llama-3.1-8B-Instruct_L30_U6472_D2,566
Llama-3.1-8B-Instruct_L30_U6472_D3,567
Llama-3.1-8B-Instruct_L30_U6472_D4,568
Llama-3.1-8B-Instruct_L30_U6472_D5,569
Llama-3.1-8B-Instruct_L30_U6892_D1,570
Llama-3.1-8B-Instruct_L30_U6892_D2,571
Llama-3.1-8B-Instruct_L30_U6892_D3,572
Llama-3.1-8B-Instruct_L30_U6892_D4,573
Llama-3.1-8B-Instruct_L30_U6892_D5,574
Llama-3.1-8B-Instruct_L30_U9947_D1,575
Llama-3.1-8B-Instruct_L30_U9947_D2,576
Llama-3.1-8B-Instruct_L30_U9947_D3,577
Llama-3.1-8B-Instruct_L30_U9947_D4,578
Llama-3.1-8B-Instruct_L30_U9947_D5,579
Llama-3.1-8B-Instruct_L30_U10713_D1,580
Llama-3.1-8B-Instruct_L30_U10713_D2,581
Llama-3.1-8B-Instruct_L30_U10713_D3,582
Llama-3.1-8B-Instruct_L30_U10713_D4,583
Llama-3.1-8B-Instruct_L30_U10713_D5,584
Llama-3.1-8B-Instruct_L30_U12035_D1,585
Llama-3.1-8B-Instruct_L30_U12035_D2,586
Llama-3.1-8B-Instruct_L30_U12035_D3,587
Llama-3.1-8B-Instruct_L30_U12035_D4,588
Llama-3.1-8B-Instruct_L30_U12035_D5,589
Llama-3.1-8B-Instruct_L30_U14030_D1,590
Llama-3.1-8B-Instruct_L30_U14030_D2,591
Llama-3.1-8B-Instruct_L30_U14030_D3,592
Llama-3.1-8B-Instruct_L30_U14030_D4,593
Llama-3.1-8B-Instruct_L30_U14030_D5,594
Llama-3.1-8B-Instruct_L30_U14157_D1,595
Llama-3.1-8B-Instruct_L30_U14157_D2,596
Llama-3.1-8B-Instruct_L30_U14157_D3,597
Llama-3.1-8B-Instruct_L30_U14157_D4,598
Llama-3.1-8B-Instruct_L30_U14157_D5,599
gemma-scope-2b_L0_U31_D1,600
gemma-scope-2b_L0_U31_D2,601
gemma-scope-2b_L0_U31_D3,602
gemma-scope-2b_L0_U31_D4,603
gemma-scope-2b_L0_U31_D5,604
gemma-scope-2b_L0_U2536_D1,605
gemma-scope-2b_L0_U2536_D2,606
gemma-scope-2b_L0_U2536_D3,607
gemma-scope-2b_L0_U2536_D4,608
gemma-scope-2b_L0_U2536_D5,609
gemma-scope-2b_L0_U2696_D1,610
gemma-scope-2b_L0_U2696_D2,611
gemma-scope-2b_L0_U2696_D3,612
gemma-scope-2b_L0_U2696_D4,613
gemma-scope-2b_L0_U2696_D5,614
gemma-scope-2b_L0_U2725_D1,615
gemma-scope-2b_L0_U2725_D2,616
gemma-scope-2b_L0_U2725_D3,617
gemma-scope-2b_L0_U2725_D4,618
gemma-scope-2b_L0_U2725_D5,619
gemma-scope-2b_L0_U2818_D1,620
gemma-scope-2b_L0_U2818_D2,621
gemma-scope-2b_L0_U2818_D3,622
gemma-scope-2b_L0_U2818_D4,623
gemma-scope-2b_L0_U2818_D5,624
gemma-scope-2b_L0_U3681_D1,625
gemma-scope-2b_L0_U3681_D2,626
gemma-scope-2b_L0_U3681_D3,627
gemma-scope-2b_L0_U3681_D4,628
gemma-scope-2b_L0_U3681_D5,629
gemma-scope-2b_L0_U3740_D1,630
gemma-scope-2b_L0_U3740_D2,631
gemma-scope-2b_L0_U3740_D3,632
gemma-scope-2b_L0_U3740_D4,633
gemma-scope-2b_L0_U3740_D5,634
gemma-scope-2b_L0_U4554_D1,635
gemma-scope-2b_L0_U4554_D2,636
gemma-scope-2b_L0_U4554_D3,637
gemma-scope-2b_L0_U4554_D4,638
gemma-scope-2b_L0_U4554_D5,639
gemma-scope-2b_L0_U6213_D1,640
gemma-scope-2b_L0_U6213_D2,641
gemma-scope-2b_L0_U6213_D3,642
gemma-scope-2b_L0_U6213_D4,643
gemma-scope-2b_L0_U6213_D5,644
gemma-scope-2b_L0_U6600_D1,645
gemma-scope-2b_L0_U6600_D2,646
gemma-scope-2b_L0_U6600_D3,647
gemma-scope-2b_L0_U6600_D4,648
gemma-scope-2b_L0_U6600_D5,649
gemma-scope-2b_L0_U10338_D1,650
gemma-scope-2b_L0_U10338_D2,651
gemma-scope-2b_L0_U10338_D3,652
gemma-scope-2b_L0_U10338_D4,653
gemma-scope-2b_L0_U10338_D5,654
gemma-scope-2b_L0_U10531_D1,655
gemma-scope-2b_L0_U10531_D2,656
gemma-scope-2b_L0_U10531_D3,657
gemma-scope-2b_L0_U10531_D4,658
gemma-scope-2b_L0_U10531_D5,659
gemma-scope-2b_L0_U10698_D1,660
gemma-scope-2b_L0_U10698_D2,661
gemma-scope-2b_L0_U10698_D3,662
gemma-scope-2b_L0_U10698_D4,663
gemma-scope-2b_L0_U10698_D5,664
gemma-scope-2b_L0_U12182_D1,665
gemma-scope-2b_L0_U12182_D2,666
gemma-scope-2b_L0_U12182_D3,667
gemma-scope-2b_L0_U12182_D4,668
gemma-scope-2b_L0_U12182_D5,669
gemma-scope-2b_L0_U12482_D1,670
gemma-scope-2b_L0_U12482_D2,671
gemma-scope-2b_L0_U12482_D3,672
gemma-scope-2b_L0_U12482_D4,673
gemma-scope-2b_L0_U12482_D5,674
gemma-scope-2b_L0_U13183_D1,675
gemma-scope-2b_L0_U13183_D2,676
gemma-scope-2b_L0_U13183_D3,677
gemma-scope-2b_L0_U13183_D4,678
gemma-scope-2b_L0_U13183_D5,679
gemma-scope-2b_L0_U13502_D1,680
gemma-scope-2b_L0_U13502_D2,681
gemma-scope-2b_L0_U13502_D3,682
gemma-scope-2b_L0_U13502_D4,683
gemma-scope-2b_L0_U13502_D5,684
gemma-scope-2b_L0_U13988_D1,685
gemma-scope-2b_L0_U13988_D2,686
gemma-scope-2b_L0_U13988_D3,687
gemma-scope-2b_L0_U13988_D4,688
gemma-scope-2b_L0_U13988_D5,689
gemma-scope-2b_L0_U14477_D1,690
gemma-scope-2b_L0_U14477_D2,691
gemma-scope-2b_L0_U14477_D3,692
gemma-scope-2b_L0_U14477_D4,693
gemma-scope-2b_L0_U14477_D5,694
gemma-scope-2b_L0_U16268_D1,695
gemma-scope-2b_L0_U16268_D2,696
gemma-scope-2b_L0_U16268_D3,697
gemma-scope-2b_L0_U16268_D4,698
gemma-scope-2b_L0_U16268_D5,699
gemma-scope-2b_L10_U603_D1,700
gemma-scope-2b_L10_U603_D2,701
gemma-scope-2b_L10_U603_D3,702
gemma-scope-2b_L10_U603_D4,703
gemma-scope-2b_L10_U603_D5,704
gemma-scope-2b_L10_U1198_D1,705
gemma-scope-2b_L10_U1198_D2,706
gemma-scope-2b_L10_U1198_D3,707
gemma-scope-2b_L10_U1198_D4,708
gemma-scope-2b_L10_U1198_D5,709
gemma-scope-2b_L10_U1928_D1,710
gemma-scope-2b_L10_U1928_D2,711
gemma-scope-2b_L10_U1928_D3,712
gemma-scope-2b_L10_U1928_D4,713
gemma-scope-2b_L10_U1928_D5,714
gemma-scope-2b_L10_U2286_D1,715
gemma-scope-2b_L10_U2286_D2,716
gemma-scope-2b_L10_U2286_D3,717
gemma-scope-2b_L10_U2286_D4,718
gemma-scope-2b_L10_U2286_D5,719
gemma-scope-2b_L10_U3209_D1,720
gemma-scope-2b_L10_U3209_D2,721
gemma-scope-2b_L10_U3209_D3,722
gemma-scope-2b_L10_U3209_D4,723
gemma-scope-2b_L10_U3209_D5,724
gemma-scope-2b_L10_U3863_D1,725
gemma-scope-2b_L10_U3863_D2,726
gemma-scope-2b_L10_U3863_D3,727
gemma-scope-2b_L10_U3863_D4,728
gemma-scope-2b_L10_U3863_D5,729
gemma-scope-2b_L10_U4006_D1,730
gemma-scope-2b_L10_U4006_D2,731
gemma-scope-2b_L10_U4006_D3,732
gemma-scope-2b_L10_U4006_D4,733
gemma-scope-2b_L10_U4006_D5,734
gemma-scope-2b_L10_U4250_D1,735
gemma-scope-2b_L10_U4250_D2,736
gemma-scope-2b_L10_U4250_D3,737
gemma-scope-2b_L10_U4250_D4,738
gemma-scope-2b_L10_U4250_D5,739
gemma-scope-2b_L10_U8516_D1,740
gemma-scope-2b_L10_U8516_D2,741
gemma-scope-2b_L10_U8516_D3,742
gemma-scope-2b_L10_U8516_D4,743
gemma-scope-2b_L10_U8516_D5,744
gemma-scope-2b_L10_U8648_D1,745
gemma-scope-2b_L10_U8648_D2,746
gemma-scope-2b_L10_U8648_D3,747
gemma-scope-2b_L10_U8648_D4,748
gemma-scope-2b_L10_U8648_D5,749
gemma-scope-2b_L10_U8945_D1,750
gemma-scope-2b_L10_U8945_D2,751
gemma-scope-2b_L10_U8945_D3,752
gemma-scope-2b_L10_U8945_D4,753
gemma-scope-2b_L10_U8945_D5,754
gemma-scope-2b_L10_U9562_D1,755
gemma-scope-2b_L10_U9562_D2,756
gemma-scope-2b_L10_U9562_D3,757
gemma-scope-2b_L10_U9562_D4,758
gemma-scope-2b_L10_U9562_D5,759
gemma-scope-2b_L10_U10341_D1,760
gemma-scope-2b_L10_U10341_D2,761
gemma-scope-2b_L10_U10341_D3,762
gemma-scope-2b_L10_U10341_D4,763
gemma-scope-2b_L10_U10341_D5,764
gemma-scope-2b_L10_U10787_D1,765
gemma-scope-2b_L10_U10787_D2,766
gemma-scope-2b_L10_U10787_D3,767
gemma-scope-2b_L10_U10787_D4,768
gemma-scope-2b_L10_U10787_D5,769
gemma-scope-2b_L10_U10818_D1,770
gemma-scope-2b_L10_U10818_D2,771
gemma-scope-2b_L10_U10818_D3,772
gemma-scope-2b_L10_U10818_D4,773
gemma-scope-2b_L10_U10818_D5,774
gemma-scope-2b_L10_U11970_D1,775
gemma-scope-2b_L10_U11970_D2,776
gemma-scope-2b_L10_U11970_D3,777
gemma-scope-2b_L10_U11970_D4,778
gemma-scope-2b_L10_U11970_D5,779
gemma-scope-2b_L10_U12045_D1,780
gemma-scope-2b_L10_U12045_D2,781
gemma-scope-2b_L10_U12045_D3,782
gemma-scope-2b_L10_U12045_D4,783
gemma-scope-2b_L10_U12045_D5,784
gemma-scope-2b_L10_U13527_D1,785
gemma-scope-2b_L10_U13527_D2,786
gemma-scope-2b_L10_U13527_D3,787
gemma-scope-2b_L10_U13527_D4,788
gemma-scope-2b_L10_U13527_D5,789
gemma-scope-2b_L10_U15015_D1,790
gemma-scope-2b_L10_U15015_D2,791
gemma-scope-2b_L10_U15015_D3,792
gemma-scope-2b_L10_U15015_D4,793
gemma-scope-2b_L10_U15015_D5,794
gemma-scope-2b_L10_U15418_D1,795
gemma-scope-2b_L10_U15418_D2,796
gemma-scope-2b_L10_U15418_D3,797
gemma-scope-2b_L10_U15418_D4,798
gemma-scope-2b_L10_U15418_D5,799
gemma-scope-2b_L20_U759_D1,800
gemma-scope-2b_L20_U759_D2,801
gemma-scope-2b_L20_U759_D3,802
gemma-scope-2b_L20_U759_D4,803
gemma-scope-2b_L20_U759_D5,804
gemma-scope-2b_L20_U1374_D1,805
gemma-scope-2b_L20_U1374_D2,806
gemma-scope-2b_L20_U1374_D3,807
gemma-scope-2b_L20_U1374_D4,808
gemma-scope-2b_L20_U1374_D5,809
gemma-scope-2b_L20_U1478_D1,810
gemma-scope-2b_L20_U1478_D2,811
gemma-scope-2b_L20_U1478_D3,812
gemma-scope-2b_L20_U1478_D4,813
gemma-scope-2b_L20_U1478_D5,814
gemma-scope-2b_L20_U1615_D1,815
gemma-scope-2b_L20_U1615_D2,816
gemma-scope-2b_L20_U1615_D3,817
gemma-scope-2b_L20_U1615_D4,818
gemma-scope-2b_L20_U1615_D5,819
gemma-scope-2b_L20_U1654_D1,820
gemma-scope-2b_L20_U1654_D2,821
gemma-scope-2b_L20_U1654_D3,822
gemma-scope-2b_L20_U1654_D4,823
gemma-scope-2b_L20_U1654_D5,824
gemma-scope-2b_L20_U1817_D1,825
gemma-scope-2b_L20_U1817_D2,826
gemma-scope-2b_L20_U1817_D3,827
gemma-scope-2b_L20_U1817_D4,828
gemma-scope-2b_L20_U1817_D5,829
gemma-scope-2b_L20_U3307_D1,830
gemma-scope-2b_L20_U3307_D2,831
gemma-scope-2b_L20_U3307_D3,832
gemma-scope-2b_L20_U3307_D4,833
gemma-scope-2b_L20_U3307_D5,834
gemma-scope-2b_L20_U3429_D1,835
gemma-scope-2b_L20_U3429_D2,836
gemma-scope-2b_L20_U3429_D3,837
gemma-scope-2b_L20_U3429_D4,838
gemma-scope-2b_L20_U3429_D5,839
gemma-scope-2b_L20_U4356_D1,840
gemma-scope-2b_L20_U4356_D2,841
gemma-scope-2b_L20_U4356_D3,842
gemma-scope-2b_L20_U4356_D4,843
gemma-scope-2b_L20_U4356_D5,844
gemma-scope-2b_L20_U4671_D1,845
gemma-scope-2b_L20_U4671_D2,846
gemma-scope-2b_L20_U4671_D3,847
gemma-scope-2b_L20_U4671_D4,848
gemma-scope-2b_L20_U4671_D5,849
gemma-scope-2b_L20_U6348_D1,850
gemma-scope-2b_L20_U6348_D2,851
gemma-scope-2b_L20_U6348_D3,852
gemma-scope-2b_L20_U6348_D4,853
gemma-scope-2b_L20_U6348_D5,854
gemma-scope-2b_L20_U7626_D1,855
gemma-scope-2b_L20_U7626_D2,856
gemma-scope-2b_L20_U7626_D3,857
gemma-scope-2b_L20_U7626_D4,858
gemma-scope-2b_L20_U7626_D5,859
gemma-scope-2b_L20_U8980_D1,860
gemma-scope-2b_L20_U8980_D2,861
gemma-scope-2b_L20_U8980_D3,862
gemma-scope-2b_L20_U8980_D4,863
gemma-scope-2b_L20_U8980_D5,864
gemma-scope-2b_L20_U9859_D1,865
gemma-scope-2b_L20_U9859_D2,866
gemma-scope-2b_L20_U9859_D3,867
gemma-scope-2b_L20_U9859_D4,868
gemma-scope-2b_L20_U9859_D5,869
gemma-scope-2b_L20_U10433_D1,870
gemma-scope-2b_L20_U10433_D2,871
gemma-scope-2b_L20_U10433_D3,872
gemma-scope-2b_L20_U10433_D4,873
gemma-scope-2b_L20_U10433_D5,874
gemma-scope-2b_L20_U11664_D1,875
gemma-scope-2b_L20_U11664_D2,876
gemma-scope-2b_L20_U11664_D3,877
gemma-scope-2b_L20_U11664_D4,878
gemma-scope-2b_L20_U11664_D5,879
gemma-scope-2b_L20_U13722_D1,880
gemma-scope-2b_L20_U13722_D2,881
gemma-scope-2b_L20_U13722_D3,882
gemma-scope-2b_L20_U13722_D4,883
gemma-scope-2b_L20_U13722_D5,884
gemma-scope-2b_L20_U15565_D1,885
gemma-scope-2b_L20_U15565_D2,886
gemma-scope-2b_L20_U15565_D3,887
gemma-scope-2b_L20_U15565_D4,888
gemma-scope-2b_L20_U15565_D5,889
gemma-scope-2b_L20_U15809_D1,890
gemma-scope-2b_L20_U15809_D2,891
gemma-scope-2b_L20_U15809_D3,892
gemma-scope-2b_L20_U15809_D4,893
gemma-scope-2b_L20_U15809_D5,894
gemma-scope-2b_L20_U15942_D1,895
gemma-scope-2b_L20_U15942_D2,896
gemma-scope-2b_L20_U15942_D3,897
gemma-scope-2b_L20_U15942_D4,898
gemma-scope-2b_L20_U15942_D5,899
gpt2-small-sae_L0_U259_D1,900
gpt2-small-sae_L0_U259_D2,901
gpt2-small-sae_L0_U259_D3,902
gpt2-small-sae_L0_U259_D4,903
gpt2-small-sae_L0_U259_D5,904
gpt2-small-sae_L0_U2002_D1,905
gpt2-small-sae_L0_U2002_D2,906
gpt2-small-sae_L0_U2002_D3,907
gpt2-small-sae_L0_U2002_D4,908
gpt2-small-sae_L0_U2002_D5,909
gpt2-small-sae_L0_U2236_D1,910
gpt2-small-sae_L0_U2236_D2,911
gpt2-small-sae_L0_U2236_D3,912
gpt2-small-sae_L0_U2236_D4,913
gpt2-small-sae_L0_U2236_D5,914
gpt2-small-sae_L0_U2332_D1,915
gpt2-small-sae_L0_U2332_D2,916
gpt2-small-sae_L0_U2332_D3,917
gpt2-small-sae_L0_U2332_D4,918
gpt2-small-sae_L0_U2332_D5,919
gpt2-small-sae_L0_U3358_D1,920
gpt2-small-sae_L0_U3358_D2,921
gpt2-small-sae_L0_U3358_D3,922
gpt2-small-sae_L0_U3358_D4,923
gpt2-small-sae_L0_U3358_D5,924
gpt2-small-sae_L0_U5369_D1,925
gpt2-small-sae_L0_U5369_D2,926
gpt2-small-sae_L0_U5369_D3,927
gpt2-small-sae_L0_U5369_D4,928
gpt2-small-sae_L0_U5369_D5,929
gpt2-small-sae_L0_U8966_D1,930
gpt2-small-sae_L0_U8966_D2,931
gpt2-small-sae_L0_U8966_D3,932
gpt2-small-sae_L0_U8966_D4,933
gpt2-small-sae_L0_U8966_D5,934
gpt2-small-sae_L0_U9661_D1,935
gpt2-small-sae_L0_U9661_D2,936
gpt2-small-sae_L0_U9661_D3,937
gpt2-small-sae_L0_U9661_D4,938
gpt2-small-sae_L0_U9661_D5,939
gpt2-small-sae_L0_U10233_D1,940
gpt2-small-sae_L0_U10233_D2,941
gpt2-small-sae_L0_U10233_D3,942
gpt2-small-sae_L0_U10233_D4,943
gpt2-small-sae_L0_U10233_D5,944
gpt2-small-sae_L0_U10917_D1,945
gpt2-small-sae_L0_U10917_D2,946
gpt2-small-sae_L0_U10917_D3,947
gpt2-small-sae_L0_U10917_D4,948
gpt2-small-sae_L0_U10917_D5,949
gpt2-small-sae_L0_U13767_D1,950
gpt2-small-sae_L0_U13767_D2,951
gpt2-small-sae_L0_U13767_D3,952
gpt2-small-sae_L0_U13767_D4,953
gpt2-small-sae_L0_U13767_D5,954
gpt2-small-sae_L0_U14315_D1,955
gpt2-small-sae_L0_U14315_D2,956
gpt2-small-sae_L0_U14315_D3,957
gpt2-small-sae_L0_U14315_D4,958
gpt2-small-sae_L0_U14315_D5,959
gpt2-small-sae_L0_U16192_D1,960
gpt2-small-sae_L0_U16192_D2,961
gpt2-small-sae_L0_U16192_D3,962
gpt2-small-sae_L0_U16192_D4,963
gpt2-small-sae_L0_U16192_D5,964
gpt2-small-sae_L0_U18124_D1,965
gpt2-small-sae_L0_U18124_D2,966
gpt2-small-sae_L0_U18124_D3,967
gpt2-small-sae_L0_U18124_D4,968
gpt2-small-sae_L0_U18124_D5,969
gpt2-small-sae_L0_U28565_D1,970
gpt2-small-sae_L0_U28565_D2,971
gpt2-small-sae_L0_U28565_D3,972
gpt2-small-sae_L0_U28565_D4,973
gpt2-small-sae_L0_U28565_D5,974
gpt2-small-sae_L0_U28810_D1,975
gpt2-small-sae_L0_U28810_D2,976
gpt2-small-sae_L0_U28810_D3,977
gpt2-small-sae_L0_U28810_D4,978
gpt2-small-sae_L0_U28810_D5,979
gpt2-small-sae_L0_U29332_D1,980
gpt2-small-sae_L0_U29332_D2,981
gpt2-small-sae_L0_U29332_D3,982
gpt2-small-sae_L0_U29332_D4,983
gpt2-small-sae_L0_U29332_D5,984
gpt2-small-sae_L0_U29707_D1,985
gpt2-small-sae_L0_U29707_D2,986
gpt2-small-sae_L0_U29707_D3,987
gpt2-small-sae_L0_U29707_D4,988
gpt2-small-sae_L0_U29707_D5,989
gpt2-small-sae_L0_U32439_D1,990
gpt2-small-sae_L0_U32439_D2,991
gpt2-small-sae_L0_U32439_D3,992
gpt2-small-sae_L0_U32439_D4,993
gpt2-small-sae_L0_U32439_D5,994
gpt2-small-sae_L5_U288_D1,995
gpt2-small-sae_L5_U288_D2,996
gpt2-small-sae_L5_U288_D3,997
gpt2-small-sae_L5_U288_D4,998
gpt2-small-sae_L5_U288_D5,999
gpt2-small-sae_L5_U330_D1,1000
gpt2-small-sae_L5_U330_D2,1001
gpt2-small-sae_L5_U330_D3,1002
gpt2-small-sae_L5_U330_D4,1003
gpt2-small-sae_L5_U330_D5,1004
gpt2-small-sae_L5_U966_D1,1005
gpt2-small-sae_L5_U966_D2,1006
gpt2-small-sae_L5_U966_D3,1007
gpt2-small-sae_L5_U966_D4,1008
gpt2-small-sae_L5_U966_D5,1009
gpt2-small-sae_L5_U7238_D1,1010
gpt2-small-sae_L5_U7238_D2,1011
gpt2-small-sae_L5_U7238_D3,1012
gpt2-small-sae_L5_U7238_D4,1013
gpt2-small-sae_L5_U7238_D5,1014
gpt2-small-sae_L5_U16103_D1,1015
gpt2-small-sae_L5_U16103_D2,1016
gpt2-small-sae_L5_U16103_D3,1017
gpt2-small-sae_L5_U16103_D4,1018
gpt2-small-sae_L5_U16103_D5,1019
gpt2-small-sae_L5_U16512_D1,1020
gpt2-small-sae_L5_U16512_D2,1021
gpt2-small-sae_L5_U16512_D3,1022
gpt2-small-sae_L5_U16512_D4,1023
gpt2-small-sae_L5_U16512_D5,1024
gpt2-small-sae_L5_U16554_D1,1025
gpt2-small-sae_L5_U16554_D2,1026
gpt2-small-sae_L5_U16554_D3,1027
gpt2-small-sae_L5_U16554_D4,1028
gpt2-small-sae_L5_U16554_D5,1029
gpt2-small-sae_L5_U16845_D1,1030
gpt2-small-sae_L5_U16845_D2,1031
gpt2-small-sae_L5_U16845_D3,1032
gpt2-small-sae_L5_U16845_D4,1033
gpt2-small-sae_L5_U16845_D5,1034
gpt2-small-sae_L5_U17724_D1,1035
gpt2-small-sae_L5_U17724_D2,1036
gpt2-small-sae_L5_U17724_D3,1037
gpt2-small-sae_L5_U17724_D4,1038
gpt2-small-sae_L5_U17724_D5,1039
gpt2-small-sae_L5_U17855_D1,1040
gpt2-small-sae_L5_U17855_D2,1041
gpt2-small-sae_L5_U17855_D3,1042
gpt2-small-sae_L5_U17855_D4,1043
gpt2-small-sae_L5_U17855_D5,1044
gpt2-small-sae_L5_U22011_D1,1045
gpt2-small-sae_L5_U22011_D2,1046
gpt2-small-sae_L5_U22011_D3,1047
gpt2-small-sae_L5_U22011_D4,1048
gpt2-small-sae_L5_U22011_D5,1049
gpt2-small-sae_L5_U24156_D1,1050
gpt2-small-sae_L5_U24156_D2,1051
gpt2-small-sae_L5_U24156_D3,1052
gpt2-small-sae_L5_U24156_D4,1053
gpt2-small-sae_L5_U24156_D5,1054
gpt2-small-sae_L5_U25929_D1,1055
gpt2-small-sae_L5_U25929_D2,1056
gpt2-small-sae_L5_U25929_D3,1057
gpt2-small-sae_L5_U25929_D4,1058
gpt2-small-sae_L5_U25929_D5,1059
gpt2-small-sae_L5_U26939_D1,1060
gpt2-small-sae_L5_U26939_D2,1061
gpt2-small-sae_L5_U26939_D3,1062
gpt2-small-sae_L5_U26939_D4,1063
gpt2-small-sae_L5_U26939_D5,1064
gpt2-small-sae_L5_U28227_D1,1065
gpt2-small-sae_L5_U28227_D2,1066
gpt2-small-sae_L5_U28227_D3,1067
gpt2-small-sae_L5_U28227_D4,1068
gpt2-small-sae_L5_U28227_D5,1069
gpt2-small-sae_L5_U28452_D1,1070
gpt2-small-sae_L5_U28452_D2,1071
gpt2-small-sae_L5_U28452_D3,1072
gpt2-small-sae_L5_U28452_D4,1073
gpt2-small-sae_L5_U28452_D5,1074
gpt2-small-sae_L5_U28636_D1,1075
gpt2-small-sae_L5_U28636_D2,1076
gpt2-small-sae_L5_U28636_D3,1077
gpt2-small-sae_L5_U28636_D4,1078
gpt2-small-sae_L5_U28636_D5,1079
gpt2-small-sae_L5_U30319_D1,1080
gpt2-small-sae_L5_U30319_D2,1081
gpt2-small-sae_L5_U30319_D3,1082
gpt2-small-sae_L5_U30319_D4,1083
gpt2-small-sae_L5_U30319_D5,1084
gpt2-small-sae_L5_U31286_D1,1085
gpt2-small-sae_L5_U31286_D2,1086
gpt2-small-sae_L5_U31286_D3,1087
gpt2-small-sae_L5_U31286_D4,1088
gpt2-small-sae_L5_U31286_D5,1089
gpt2-small-sae_L5_U32177_D1,1090
gpt2-small-sae_L5_U32177_D2,1091
gpt2-small-sae_L5_U32177_D3,1092
gpt2-small-sae_L5_U32177_D4,1093
gpt2-small-sae_L5_U32177_D5,1094
gpt2-small-sae_L10_U900_D1,1095
gpt2-small-sae_L10_U900_D2,1096
gpt2-small-sae_L10_U900_D3,1097
gpt2-small-sae_L10_U900_D4,1098
gpt2-small-sae_L10_U900_D5,1099
gpt2-small-sae_L10_U1319_D1,1100
gpt2-small-sae_L10_U1319_D2,1101
gpt2-small-sae_L10_U1319_D3,1102
gpt2-small-sae_L10_U1319_D4,1103
gpt2-small-sae_L10_U1319_D5,1104
gpt2-small-sae_L10_U1690_D1,1105
gpt2-small-sae_L10_U1690_D2,1106
gpt2-small-sae_L10_U1690_D3,1107
gpt2-small-sae_L10_U1690_D4,1108
gpt2-small-sae_L10_U1690_D5,1109
gpt2-small-sae_L10_U4369_D1,1110
gpt2-small-sae_L10_U4369_D2,1111
gpt2-small-sae_L10_U4369_D3,1112
gpt2-small-sae_L10_U4369_D4,1113
gpt2-small-sae_L10_U4369_D5,1114
gpt2-small-sae_L10_U5239_D1,1115
gpt2-small-sae_L10_U5239_D2,1116
gpt2-small-sae_L10_U5239_D3,1117
gpt2-small-sae_L10_U5239_D4,1118
gpt2-small-sae_L10_U5239_D5,1119
gpt2-small-sae_L10_U8624_D1,1120
gpt2-small-sae_L10_U8624_D2,1121
gpt2-small-sae_L10_U8624_D3,1122
gpt2-small-sae_L10_U8624_D4,1123
gpt2-small-sae_L10_U8624_D5,1124
gpt2-small-sae_L10_U8757_D1,1125
gpt2-small-sae_L10_U8757_D2,1126
gpt2-small-sae_L10_U8757_D3,1127
gpt2-small-sae_L10_U8757_D4,1128
gpt2-small-sae_L10_U8757_D5,1129
gpt2-small-sae_L10_U9242_D1,1130
gpt2-small-sae_L10_U9242_D2,1131
gpt2-small-sae_L10_U9242_D3,1132
gpt2-small-sae_L10_U9242_D4,1133
gpt2-small-sae_L10_U9242_D5,1134
gpt2-small-sae_L10_U9814_D1,1135
gpt2-small-sae_L10_U9814_D2,1136
gpt2-small-sae_L10_U9814_D3,1137
gpt2-small-sae_L10_U9814_D4,1138
gpt2-small-sae_L10_U9814_D5,1139
gpt2-small-sae_L10_U9896_D1,1140
gpt2-small-sae_L10_U9896_D2,1141
gpt2-small-sae_L10_U9896_D3,1142
gpt2-small-sae_L10_U9896_D4,1143
gpt2-small-sae_L10_U9896_D5,1144
gpt2-small-sae_L10_U10235_D1,1145
gpt2-small-sae_L10_U10235_D2,1146
gpt2-small-sae_L10_U10235_D3,1147
gpt2-small-sae_L10_U10235_D4,1148
gpt2-small-sae_L10_U10235_D5,1149
gpt2-small-sae_L10_U14924_D1,1150
gpt2-small-sae_L10_U14924_D2,1151
gpt2-small-sae_L10_U14924_D3,1152
gpt2-small-sae_L10_U14924_D4,1153
gpt2-small-sae_L10_U14924_D5,1154
gpt2-small-sae_L10_U15235_D1,1155
gpt2-small-sae_L10_U15235_D2,1156
gpt2-small-sae_L10_U15235_D3,1157
gpt2-small-sae_L10_U15235_D4,1158
gpt2-small-sae_L10_U15235_D5,1159
gpt2-small-sae_L10_U15562_D1,1160
gpt2-small-sae_L10_U15562_D2,1161
gpt2-small-sae_L10_U15562_D3,1162
gpt2-small-sae_L10_U15562_D4,1163
gpt2-small-sae_L10_U15562_D5,1164
gpt2-small-sae_L10_U17243_D1,1165
gpt2-small-sae_L10_U17243_D2,1166
gpt2-small-sae_L10_U17243_D3,1167
gpt2-small-sae_L10_U17243_D4,1168
gpt2-small-sae_L10_U17243_D5,1169
gpt2-small-sae_L10_U20265_D1,1170
gpt2-small-sae_L10_U20265_D2,1171
gpt2-small-sae_L10_U20265_D3,1172
gpt2-small-sae_L10_U20265_D4,1173
gpt2-small-sae_L10_U20265_D5,1174
gpt2-small-sae_L10_U21878_D1,1175
gpt2-small-sae_L10_U21878_D2,1176
gpt2-small-sae_L10_U21878_D3,1177
gpt2-small-sae_L10_U21878_D4,1178
gpt2-small-sae_L10_U21878_D5,1179
gpt2-small-sae_L10_U24347_D1,1180
gpt2-small-sae_L10_U24347_D2,1181
gpt2-small-sae_L10_U24347_D3,1182
gpt2-small-sae_L10_U24347_D4,1183
gpt2-small-sae_L10_U24347_D5,1184
gpt2-small-sae_L10_U27166_D1,1185
gpt2-small-sae_L10_U27166_D2,1186
gpt2-small-sae_L10_U27166_D3,1187
gpt2-small-sae_L10_U27166_D4,1188
gpt2-small-sae_L10_U27166_D5,1189
gpt2-small-sae_L10_U27300_D1,1190
gpt2-small-sae_L10_U27300_D2,1191
gpt2-small-sae_L10_U27300_D3,1192
gpt2-small-sae_L10_U27300_D4,1193
gpt2-small-sae_L10_U27300_D5,1194
