layer,unit,description
0,9811,"the use of ""shall"" in various contexts, often associated with promises or divine declarations; also, the presence of collective pronouns like ""we,"" ""our,"" and ""things"" indicating shared experiences or actions."
0,12865,"occurrence of the word ""Publishers"" or variations of it in contexts related to publications, reviews, and the publishing industry."
0,10851,"presence of opening parentheses ""("", usage of curly braces  ... "
0,10081,"token ""stats"" indicating statistical data across multiple contexts, including programming, gaming, and statistics"
0,6179,"the term ""satellite"" in various contexts (e.g., technology, imagery, communication) when it appears in a specific format such as ""Satellite"" or ""satellite""."
0,5716,"the token ""okay"" and its variants in various contexts indicating moral standards and boundaries; the token ""unheard"" indicating something that is not a common occurrence, emphasizing rarity or surprise"
0,12733,French phrases enclosed in  or terms like ' and /events.
0,1997,"tokens indicating choices or alternatives, specifically ou to present options, and variations on ""ma"" or ""ol"" as informal Portuguese words implying possession or a statement."
0,13480,"Activation occurs on specific Linux commands like unzip, origin, and other command-like formats in the context of scripting or command-line syntax."
0,10609,code snippets containing mutex and QPushButton tokens
0,9782,"Activation on tokens ""Fl"" or ""FL"" within various contexts, often referring to products or promotions."
0,3016,"Bengali text and the emotive indicator ""ে"""
0,8039,"the token ""laced"" appearing in various contexts, alongside the token ""menaced"""
0,7181,"tokens ""integral"" and ""equal"" activate in contexts related to mathematical and scientific concepts; ""integral"" appears multiple times in calculus contexts, while ""equal"" relates to fairness or balance in discussions of currency or social matters."
0,5359,"activation occurs on the substring ""unpar"", ""unserialize"", ""Stanlin"", and ""Ms Kunene"""
0,10095,"the word ""agree"" and its variations in various contexts although capitalization may vary."
0,823,"occurrences of ""eu,"" ""mis,"" and ""pris"" in diverse contexts, indicating past actions or states."
0,7117,"presence of emojis, particularly special characters or symbols indicating emotions or reactions"
0,2395,"activation caused by the token ""cdn"" in technical and coding contexts, often associated with URLs or resources. Activation occurs on repeated occurrences of either ""cdn"" or ""공고"", depending on the context of discussing announcements or technical elements."
0,3887,"tokens indicating a sense of loyalty Loyalty, cleverness innov, or analytical skills witty, innov, and disconnectivity"
20,10765,"the token ""Tom"" when it refers to significant figures (e.g., senators, political figures)"
20,12784,"relational words indicating comparison or multiplication, particularly ""的"", relating quantities or relationships."
20,10182,"the pronoun ""you"" when referring to previous information provided"
20,11587,"the pattern ""s.r."" as in company names (e.g., ""Laboratori Alchemia s.r.l."") and similar usages across various excerpts."
20,3740,"the token ""is,"" ""a,"" ""be,"" ""so,"" and ""What"" in contexts where the preceding text is descriptive or reflective"
20,99,"activation on specific tokens like ""The"", ""is"", ""It"", and specific years (like ""200"", ""201"") in casual or explanatory contexts."
20,5188,"use of the token ""the"" in contexts involving illusions or creativity (e.g., ""the illusion of a real-life mermaid"") and participatory events or actions (e.g., ""to support the players""). Also strong activation occurs with ""to"" in contexts suggesting purpose or intention (e.g., ""to dress up as a clown"")."
20,5733,"the token ""to,"" ""rising,"" and references to economic conditions and inflation; the usage often relates to financial contexts and challenges. Activating phrases often highlight troublesome or concerning economic indicators and transitions in the narrative."
20,8876,"tokens indicating second-person or first-person perspectives (e.g., ""you,"" ""I"") that often introduce advice, scenarios, or descriptions of actions/events."
20,5424,"Activation occurs on words related to activities involving the organization or management of information or resources, specifically terms like ""have"" and ""and,"" particularly in financial or gambling contexts."
20,8476,"the word ""the"" in contexts related to teams, rankings, leagues, or models, specifically when mentioning notable entities or performance contexts"
20,3032,"mathematical or programming context, particularly involving object or model configurations; feature indications such as _length and days indicating placeholders or parameters in code."
20,7860,"the term ""lyophilized"" in scientific or technical contexts, and ""directly"" in various contexts such as messaging, delivery, or data handling, as well as the word ""to"" in scheduling or ticket sales."
20,8631,"conditional conjunctions like ""If"", ""but"", ""and"", ""because"", "","" signaling a potential outcome or contrasting idea"
20,8256,"phrases indicating a quantitative adjustment or reduction (e.g., down, way, tonearest) and phrases involving rounding or comparisons (e.g., ""take it down"", ""paper consumption 'tonearest"", ""say how many"")."
20,11626,activation occurs when the text references JavaFX or when it talks about similar tools related to technical implementations.
20,9836,"activation occurs from future tense verbs indicating definite intention (e.g., ""will,"" ""we'll,"" ""a"")."
20,8552,"beer, related venues, and activities"
20,10046,"context involving scientific concepts, mathematical or graphical representations and technical terms"
20,10617,"the token ""arc"" or ""debon"" appears in contexts related to artistic or cultured subjects."
30,6472,"phrases indicating feelings or states of being, such as ""feels,"" ""is,"" and ""yang"""
30,129,"tokens indicating a role or function, especially when introducing a specific identity or profession."
30,46,"""the"" and ""and"" when referring to visitors or locals"
30,2589,"the token ""in"" at various points indicating inclusivity or existence within a context"
30,14030,"tokens ""make"", ""match"", ""line"", and ""look"" in various contexts related to personal attributes or tasks; also the word ""break"" referring to a separation or division."
30,1911,Russian text containing medical or chemical context.
30,1721,"phrase ""Merhaba! Nasıl yardımcı olabilirim?"" in responses to greetings"
30,10713,"words highlighted include ""k"" when referencing something that can be cold or ""tk"" relating to project or context identification, suggesting focus on terms related to temperature or project labeling."
30,14157,"activation from specific definite articles in various contexts; e.g., ""the"" and ""of""; activation from specific proper nouns starting with ""M"" or related to middle positions in phrases."
30,715,"activating noun phrases with generic or specific terms (e.g., ""les"", ""m mám"", ""víno"") and key interrogative phrases (e.g., ""Jaké"", ""Quel est"")."
30,6892,"narrative discussing crime, vice, or characters associated with immorality and societal issues; typically includes judgments or contrasts regarding moral behavior."
30,3828,"activates on tokens expressing detail or specific information about subjects like NFTs, fauna, or personal experience with significant terms like ""fisc"", ""f"", ""enf"", or ""f"" at the end of the word."
30,2324,"tokens ""М"" and ""-m"" activating within a mixture of academic, technical, and informational contexts."
30,4971,"mentions of ""and"" and ""to"" in positive contexts"
30,9947,"context words related to ""S"" or ""o"", Slovak words like ""naj"", ""od"", and ""ora"", and context relevant to the discussion theme."
30,557,"phrases that indicate differentiation or distinction, often followed by ""that,"" ""this,"" or ""such"""
30,5245,"The delimiter '{{' causes activation surrounding certain elements, primarily names or phrases denoting individuals or entities, particularly with emphasis or special significance, potentially including translations or names in non-Latin scripts."
30,3461,presence of Hebrew and Arabic characters and punctuation marks
30,12035,"the token ""178"" in context, representing the year, primarily related to discussions about historical events or figures."
30,738,"presence of """" or """" to denote conversation-style text separation"
