model,layer,unit,weighted_mean_sim,diversity_score,n_eff,sum_weights,max_auc,n_desc_auc_ge_05,has_reliable_desc,median_sim_unweighted,min_sim_unweighted,range_gap_unweighted,n_valid_pairs,redundancy_fraction_unweighted,unweighted_similarity_zscore,baseline_percentile,baseline_mean,baseline_std,exp_confidence_adjusted_diversity,unweighted_mean_sim,unweighted_diversity
Llama-3.1-8B-Instruct,0,823,0.45540640685566836,0.5445935931443316,4.9994442701246955,4.886584723517847,0.9276,5,True,0.4522013113601068,0.3892465365831239,0.06295477477698286,10,0.0,1.6446994247830728,94.8,0.38443857045846686,0.0430277552910385,0.5445330637584097,0.4552062948353447,0.5447937051646553
Llama-3.1-8B-Instruct,0,1997,0.413837063624967,0.5861629363750329,4.999998751303609,4.962458891821316,0.9983,5,True,0.36814408585284597,0.2471978368045193,0.12094624904832668,10,0.0,0.6831088603133255,75.6,0.38443857045846686,0.0430277552910385,0.5861627899871243,0.4138312113371688,0.5861687886628312
Llama-3.1-8B-Instruct,0,2395,0.41376660873347254,0.5862333912665274,4.995529440593477,4.892987776901329,1.0,5,True,0.3721744120121002,0.2738872468471527,0.09828716516494751,10,0.0,0.7219404514638977,76.5,0.38443857045846686,0.0430277552910385,0.5857092330261785,0.4155020475387573,0.5844979524612427
Llama-3.1-8B-Instruct,0,3016,0.4802540651686963,0.5197459348313037,3.2950610784979344,0.16759389273259873,0.2455,0,False,0.4927627898926813,0.3809840225000381,0.1117787673926432,10,0.0,2.2604259095080184,98.6,0.38443857045846686,0.0430277552910385,0.34251892011403057,0.481699623346301,0.518300376653699
Llama-3.1-8B-Instruct,0,3887,0.4891611926370089,0.510838807362991,2.199445537674953,1.1490649298847164,0.5945,1,True,0.44888775706808015,0.3549461364746094,0.09394162059347078,10,0.0,1.6081873733773626,94.39999999999999,0.38443857045846686,0.0430277552910385,0.22471242706514508,0.453635263222286,0.546364736777714
Llama-3.1-8B-Instruct,0,5359,0.4125853758050982,0.5874146241949019,4.529309273226898,0.06906697466566285,0.1126,0,False,0.4201823536093781,0.3020956010250928,0.1180867525842853,10,0.0,0.7203936503371037,76.4,0.38443857045846686,0.0430277552910385,0.5321165009190124,0.4154354921583897,0.5845645078416103
Llama-3.1-8B-Instruct,0,5716,0.40406026998843436,0.5959397300115656,4.842895593091956,3.9522683868939015,0.7952,5,True,0.4110845774412155,0.2669370472431183,0.14414753019809723,10,0.0,0.7036474351817504,76.1,0.38443857045846686,0.0430277552910385,0.5772147784442844,0.4147149401106341,0.585285059889366
Llama-3.1-8B-Instruct,0,6179,0.3895371658445222,0.6104628341554779,1.615060868445277,1.1887031096723772,0.7434,1,True,0.41691871610145115,0.3064041137695312,0.11051460233191995,10,0.0,0.6352151039687124,74.0,0.38443857045846686,0.0430277552910385,0.19718692701694224,0.4117704505092042,0.5882295494907959
Llama-3.1-8B-Instruct,0,7117,0.34224466360170847,0.6577553363982915,4.995878814916969,4.8154370574601035,0.9305,5,True,0.3371357819876879,0.2834298610687256,0.05370592091896231,10,0.0,-1.005628076754076,16.2,0.38443857045846686,0.0430277552910385,0.6572131901021617,0.3411686516580948,0.6588313483419053
Llama-3.1-8B-Instruct,0,7181,0.3716752852482959,0.6283247147517041,2.982153904090732,2.0848046908581774,0.8921,2,True,0.4139986736776055,0.2967682723083192,0.11723040136928631,10,0.0,0.09855907034348611,54.2,0.38443857045846686,0.0430277552910385,0.37475220022669803,0.3886793460189186,0.6113206539810814
Llama-3.1-8B-Instruct,0,8039,0.34400455556676934,0.6559954444332307,4.990754463897701,4.849316306942542,0.9972,5,True,0.31987567245960236,0.2127585113048553,0.10711716115474706,10,0.0,-0.9385412480500442,17.599999999999998,0.38443857045846686,0.0430277552910385,0.6547824385203405,0.3440552473068237,0.6559447526931763
Llama-3.1-8B-Instruct,0,9782,0.36316652625123974,0.6368334737487602,2.5943933158487633,1.7660435481818015,0.9837,1,True,0.31249019503593445,0.2231896221637725,0.08930057287216195,10,0.0,-1.6280290916148004,5.2,0.38443857045846686,0.0430277552910385,0.33043930152050643,0.3143881330977735,0.6856118669022264
Llama-3.1-8B-Instruct,0,9811,0.42934401224859625,0.5706559877514037,4.828377105126646,4.210944620957184,0.8339,5,True,0.42698692399280747,0.3127047829207913,0.11428214107201617,10,0.0,0.8934358972697972,80.60000000000001,0.38443857045846686,0.0430277552910385,0.5510684612324618,0.4228811116144211,0.5771188883855789
Llama-3.1-8B-Instruct,0,10081,0.45002236916603416,0.5499776308339659,1.5834607609537523,1.0570805516781336,0.6531,1,True,0.3987135053447787,0.3057279884815216,0.09298551686325707,10,0.0,1.0234232420285942,84.8,0.38443857045846686,0.0430277552910385,0.1741735995655787,0.4284741752756345,0.5715258247243655
Llama-3.1-8B-Instruct,0,10095,0.5970421552728042,0.40295784472719576,1.145190320165943,1.0641911676443856,0.9998,1,True,0.6575969854073498,0.5695968866348267,0.08800009877252313,10,0.0,6.203411733170613,100.0,0.38443857045846686,0.0430277552910385,0.09229268464330313,0.651357452482889,0.348642547517111
Llama-3.1-8B-Instruct,0,10609,0.34836642656334443,0.6516335734366556,3.139718667622625,1.7728399280504548,0.6322,1,True,0.36976242841706175,0.2924906313419342,0.07727179707512755,10,0.0,-0.624123993229043,26.3,0.38443857045846686,0.0430277552910385,0.4091892189937413,0.3575839160065418,0.6424160839934582
Llama-3.1-8B-Instruct,0,10851,0.38913920415543146,0.6108607958445685,3.731801827355467,2.196179071867224,0.6926,1,True,0.3634896386709703,0.2964493124618923,0.06704032620907796,10,0.0,-0.38921853994387046,34.8,0.38443857045846686,0.0430277552910385,0.45592228683851516,0.3676913703670267,0.6323086296329733
Llama-3.1-8B-Instruct,0,12733,0.41118298706144635,0.5888170129385537,4.9999994547568996,4.9634002632539005,0.9975,5,True,0.396887729068342,0.2991775393976252,0.09771018967071682,10,0.0,0.6221124074760085,73.7,0.38443857045846686,0.0430277552910385,0.5888169487288709,0.4112066708908634,0.5887933291091366
Llama-3.1-8B-Instruct,0,12865,0.43540835996621946,0.5645916400337805,4.574608642690346,4.167384070904268,0.9776,4,True,0.4314648319163825,0.3010615110397339,0.13040332087664863,10,0.0,1.1567053780829961,88.5,0.38443857045846686,0.0430277552910385,0.5165571592178498,0.4342090064104502,0.5657909935895498
Llama-3.1-8B-Instruct,0,13480,0.31425243327966323,0.6857475667203368,1.9714193408712366,0.11398389424955024,0.2546,0,False,0.31426654756069183,0.2622227668762207,0.05204378068447113,10,0.0,-1.1584225320126864,12.5,0.38443857045846686,0.0430277552910385,0.27037920319757214,0.3345942492273998,0.6654057507726002
Llama-3.1-8B-Instruct,20,99,0.39450920152064817,0.6054907984793518,3.8897150602092925,3.234083735725931,0.8694000000000001,3,True,0.4032385260318214,0.3497666299621332,0.05347189606968822,10,0.0,0.7366447322154196,76.8,0.38443857045846686,0.0430277552910385,0.47103733553265686,0.4161347397326645,0.5838652602673355
Llama-3.1-8B-Instruct,20,3032,0.44815981383774683,0.5518401861622532,3.952118806693037,2.9548159419582056,0.8419,3,True,0.40276869220920325,0.3240701258182525,0.07869856639095074,10,0.0,0.8504664100957501,80.10000000000001,0.38443857045846686,0.0430277552910385,0.4361875956041655,0.4210322310353148,0.5789677689646853
Llama-3.1-8B-Instruct,20,3740,0.4469526270712799,0.5530473729287201,3.7083464343991714,2.888037534031341,0.8047,3,True,0.4190348885190582,0.3968702852725982,0.02216460324645997,10,0.0,1.404247214239461,91.9,0.38443857045846686,0.0430277552910385,0.41017825069080954,0.4448601759608849,0.5551398240391151
Llama-3.1-8B-Instruct,20,5188,0.37635047432643437,0.6236495256735657,4.731069778662735,3.366827883146307,0.7876000000000001,4,True,0.3811728060245514,0.3282103538513183,0.05296245217323309,10,0.0,0.01773986978387427,50.7,0.38443857045846686,0.0430277552910385,0.5901058846783112,0.3852018772344223,0.6147981227655777
Llama-3.1-8B-Instruct,20,5424,0.37717866530067456,0.6228213346993254,4.999941238578339,4.953269984838829,0.9992,5,True,0.37968555406702786,0.2827313036803105,0.09695425038671734,10,0.0,-0.16673409324427427,42.699999999999996,0.38443857045846686,0.0430277552910385,0.622814015125912,0.377264376695679,0.622735623304321
Llama-3.1-8B-Instruct,20,5733,0.34067720465259027,0.6593227953474097,3.6621103841611995,1.2957027547487137,0.5121,1,False,0.33045154786570685,0.2923925766476918,0.03805897121801505,10,0.0,-0.7872035304221269,21.9,0.38443857045846686,0.0430277552910385,0.48290257107118767,0.350566969587222,0.649433030412778
Llama-3.1-8B-Instruct,20,7860,0.3691997963709572,0.6308002036290428,3.172488658622511,2.2500072485413045,0.9497,2,True,0.35189691185951233,0.2481821777603432,0.10371473409916912,10,0.0,-0.0471438621870555,47.9,0.38443857045846686,0.0430277552910385,0.4002412983739817,0.3824100758928078,0.6175899241071923
Llama-3.1-8B-Instruct,20,8256,0.32288351722267544,0.6771164827773246,4.990094927224385,0.038668863167340056,0.0206,0,False,0.3361011347830978,0.2275233417749405,0.10857779300815729,10,0.0,-1.4581986671701699,6.800000000000001,0.38443857045846686,0.0430277552910385,0.6757751051694291,0.3216955550417503,0.6783044449582497
Llama-3.1-8B-Instruct,20,8476,0.2388681101942766,0.7611318898057234,1.1144604790136945,0.7988456685736637,0.6133,1,True,0.26724575854828825,0.1460685555853191,0.12117720296296916,10,0.0,-2.278377621465065,1.0,0.38443857045846686,0.0430277552910385,0.169650282101097,0.2864050957014897,0.7135949042985104
Llama-3.1-8B-Instruct,20,8552,0.34727207011764677,0.6527279298823532,4.742491056637982,4.216105778046838,0.9895,4,True,0.3486333770835943,0.2905294548834041,0.05810392220019023,10,0.0,-0.4147261604966459,33.800000000000004,0.38443857045846686,0.0430277552910385,0.6191112739769767,0.3665938347118252,0.6334061652881748
Llama-3.1-8B-Instruct,20,8631,0.4354031124193994,0.5645968875806007,4.998293292042288,4.736230289063378,0.8826,5,True,0.44924698770046234,0.3215361343898699,0.12771085331059245,10,0.0,1.1743534646041347,88.8,0.38443857045846686,0.0430277552910385,0.564404167180414,0.4349683639586368,0.5650316360413632
Llama-3.1-8B-Instruct,20,8876,0.44361356074751074,0.5563864392524893,4.999952813425975,4.940357687553015,0.9679,5,True,0.4183850586414337,0.351381520968125,0.06700353767330869,10,0.0,1.375699947806882,91.60000000000001,0.38443857045846686,0.0430277552910385,0.5563811884585089,0.4436318511665958,0.5563681488334042
Llama-3.1-8B-Instruct,20,9836,0.4046076533230143,0.5953923466769857,2.572996519210173,0.9237108650289745,0.5125,1,False,0.3716541975736618,0.2222888204707137,0.14936537710294812,10,0.0,-0.4162610250768994,33.7,0.38443857045846686,0.0430277552910385,0.30638848711285216,0.3665277929342612,0.6334722070657388
Llama-3.1-8B-Instruct,20,10046,0.36961248139077224,0.6303875186092278,3.8559585869836845,2.6830396661219593,0.9415,2,True,0.3512015945639593,0.1875011362134736,0.16370045835048566,10,0.0,-0.6481412313110199,25.7,0.38443857045846686,0.0430277552910385,0.4861496331017178,0.3565505081635839,0.6434494918364161
Llama-3.1-8B-Instruct,20,10182,0.41756589272587014,0.5824341072741299,3.1805409482030216,1.7143317356210892,0.6067,1,True,0.4225136119878218,0.3638055784934095,0.05870803349441228,10,0.0,1.3682038298991694,91.60000000000001,0.38443857045846686,0.0430277552910385,0.37049110556308834,0.44330931003963,0.5566906899603701
Llama-3.1-8B-Instruct,20,10617,0.40895426038865196,0.591045739611348,4.488039779881902,3.588811835138485,0.9833,4,True,0.3632794970780797,0.261784547130873,0.1014949499472067,10,0.0,0.10723155862215072,54.50000000000001,0.38443857045846686,0.0430277552910385,0.53052735822109,0.3890525037223374,0.6109474962776626
Llama-3.1-8B-Instruct,20,10765,0.30117371488155814,0.6988262851184419,3.9143740470652206,1.2875170470078108,0.5034000000000001,1,False,0.28873432882161376,0.1777184307575225,0.11101589806409126,10,0.0,-1.769854052070093,3.8,0.38443857045846686,0.0430277552910385,0.5470934947749259,0.308285723405142,0.6917142765948581
Llama-3.1-8B-Instruct,20,11587,0.40654070250887747,0.5934592974911226,4.439229021517007,3.1803154543841647,0.8655999999999999,3,True,0.3931311613702543,0.2826483845710754,0.1104827767991789,10,0.0,0.6040534128941414,72.8,0.38443857045846686,0.0430277552910385,0.5269003473023374,0.4104296328911926,0.5895703671088074
Llama-3.1-8B-Instruct,20,11626,0.3902314403762625,0.6097685596237374,4.9637140683922105,4.150945701796804,0.7634000000000001,5,True,0.38580426573753357,0.2736800582790324,0.11212420745850116,10,0.0,0.20694756488356492,57.9,0.38443857045846686,0.0430277552910385,0.6053433555735199,0.3933430596383532,0.6066569403616469
Llama-3.1-8B-Instruct,20,12784,0.4022599177931381,0.5977400822068619,4.890130966205442,4.3359823683639185,0.8799,5,True,0.4205655814360437,0.2680086573364931,0.15255692409955063,10,0.0,0.49870746665650223,70.19999999999999,0.38443857045846686,0.0430277552910385,0.5846054571483924,0.4058968332955766,0.5941031667044234
Llama-3.1-8B-Instruct,30,46,0.41427044587987716,0.5857295541201228,4.981854448354791,0.038670387283724204,0.0227,0,False,0.37857634552858266,0.3057711720466614,0.07280517348192128,10,0.0,0.59517352482285,72.8,0.38443857045846686,0.0430277552910385,0.5836038769452405,0.4100475512402493,0.5899524487597507
Llama-3.1-8B-Instruct,30,129,0.41909069301766694,0.580909306982333,4.6963997195578955,2.864929577669377,0.613,3,True,0.3816659392150073,0.3229725956916809,0.05869334352332639,10,0.0,0.8641319452454902,80.2,0.38443857045846686,0.0430277552910385,0.54563646128008,0.4216202283376589,0.5783797716623411
Llama-3.1-8B-Instruct,30,557,0.34510475315206424,0.6548952468479358,4.474010174812673,3.9302886388233933,0.8777999999999999,4,True,0.3612067039550608,0.2039476809532836,0.15725902300177722,10,0.0,-0.7386031093587615,22.8,0.38443857045846686,0.0430277552910385,0.5860015995668243,0.3526581366117779,0.6473418633882221
Llama-3.1-8B-Instruct,30,715,0.411956752783441,0.588043247216559,4.703356399186487,3.5608632559550997,0.7486999999999999,4,True,0.40044863237034806,0.3574894475188688,0.04295918485147926,10,0.0,0.6949447333044325,75.7,0.38443857045846686,0.0430277552910385,0.5531553939588808,0.414340482383886,0.585659517616114
Llama-3.1-8B-Instruct,30,738,0.3099225789075863,0.6900774210924137,4.15405023181404,0.0625635164439355,0.121,0,False,0.3184427836968091,0.1983326735099957,0.12011011018681342,10,0.0,-1.6913926966481323,4.6,0.38443857045846686,0.0430277552910385,0.5733232542117151,0.3116617394060413,0.6883382605939588
Llama-3.1-8B-Instruct,30,1721,0.40215709919189485,0.5978429008081052,3.802291694206045,2.901236299376147,0.8732,2,True,0.4065299092621599,0.2016009866237056,0.20492892263845433,10,0.0,0.576773475146869,72.39999999999999,0.38443857045846686,0.0430277552910385,0.45463461923654136,0.4092558384054482,0.5907441615945518
Llama-3.1-8B-Instruct,30,1911,0.4013338373076629,0.5986661626923371,4.557639770615108,3.068551525439998,0.8068000000000001,4,True,0.3937196347880588,0.3083257675170898,0.08539386727096904,10,0.0,0.49270556738788907,69.89999999999999,0.38443857045846686,0.0430277552910385,0.545700942481626,0.4056385850425652,0.5943614149574348
Llama-3.1-8B-Instruct,30,2324,0.353878656123044,0.646121343876956,4.900560586873654,0.04044166001616907,0.0425,0,False,0.36635801747041996,0.2114405505990657,0.15491746687135427,10,0.0,-0.6986870397925736,23.799999999999997,0.38443857045846686,0.0430277552910385,0.6332713584282499,0.3543756354852519,0.6456243645147481
Llama-3.1-8B-Instruct,30,2589,0.5018931031502388,0.49810689684976117,4.311078103909308,0.04753930600886881,0.0945,0,False,0.4022889493531623,0.3271136581897735,0.07517529116338878,10,0.0,2.0964472875116273,97.8,0.38443857045846686,0.0430277552910385,0.42947554728304355,0.4746439913260786,0.5253560086739214
Llama-3.1-8B-Instruct,30,3461,0.29430552206919186,0.7056944779308081,2.478328785850723,0.8427203001982575,0.4775,0,False,0.332207749354378,0.2600997972369454,0.07210795211743265,10,0.0,-1.1660915627274586,12.4,0.38443857045846686,0.0430277552910385,0.3497885877343639,0.3342642680504851,0.665735731949515
Llama-3.1-8B-Instruct,30,3828,0.36837392604156355,0.6316260739584365,3.918999213555595,0.6058272321184245,0.3615,0,False,0.36938183535877145,0.2598175847639097,0.10956425059486175,10,0.0,-0.17815791419310217,42.5,0.38443857045846686,0.0430277552910385,0.49506841742086416,0.3767728353234042,0.6232271646765958
Llama-3.1-8B-Instruct,30,4971,0.3511654649674568,0.6488345350325432,4.052971380807795,2.9810838719001116,0.8389,3,True,0.336378624574335,0.2439119219779968,0.09246670259633819,10,0.0,-0.8627889545848381,19.1,0.38443857045846686,0.0430277552910385,0.5259415602733261,0.3473146984527795,0.6526853015472205
Llama-3.1-8B-Instruct,30,5245,0.34327858651597776,0.6567214134840222,4.997715347117547,4.860587207231661,0.937,5,True,0.3071110902668285,0.2340797642421866,0.07303132602464188,10,0.0,-0.9738801064682565,17.0,0.38443857045846686,0.0430277552910385,0.6564213373899652,0.3425346955545402,0.6574653044454598
Llama-3.1-8B-Instruct,30,6472,0.4039608993770544,0.5960391006229455,4.998800148243652,4.880923554707521,0.9944,5,True,0.37393660326424555,0.3199093735191041,0.05402722974514146,10,0.0,0.43019997178782415,68.0,0.38443857045846686,0.0430277552910385,0.5958960689105987,0.402949109570765,0.597050890429235
Llama-3.1-8B-Instruct,30,6892,0.3537819878301047,0.6462180121698953,2.0720900029015272,1.2565660002970878,0.6063000000000001,1,True,0.3403438467809254,0.2518404274081933,0.0885034193727321,10,0.0,-1.0217426394519658,15.9,0.38443857045846686,0.0430277552910385,0.2678043765424275,0.3404752781977079,0.6595247218022922
Llama-3.1-8B-Instruct,30,9947,0.3645973215869998,0.6354026784130002,4.147609809147527,1.9343418783320354,0.5525,1,True,0.3694609443682434,0.3171366344175722,0.052324309950671166,10,0.0,-0.14918222586964788,43.3,0.38443857045846686,0.0430277552910385,0.5270804763488742,0.3780195941499752,0.6219804058500248
Llama-3.1-8B-Instruct,30,10713,0.3727413133335351,0.6272586866664649,3.609952358019582,2.4490486960700735,0.7194,3,True,0.3285901499634898,0.2405425619432273,0.0880475880202625,10,0.0,-0.9164464238266573,17.8,0.38443857045846686,0.0430277552910385,0.4528747950039742,0.3450059379967061,0.6549940620032939
Llama-3.1-8B-Instruct,30,12035,0.3074336849942651,0.6925663150057348,4.812417926295296,4.1596856334007235,0.9273,5,True,0.32409810578238385,0.1731453239917755,0.15095278179060834,10,0.0,-1.8128386051465042,3.3000000000000003,0.38443857045846686,0.0430277552910385,0.6665837098963747,0.3064361945740755,0.6935638054259246
Llama-3.1-8B-Instruct,30,14030,0.36686110320481913,0.6331388967951809,2.322296392459903,0.23319958620932527,0.3226,0,False,0.33685138788842384,0.2038443088531494,0.13300707903527445,10,0.0,-0.7765715777658082,22.1,0.38443857045846686,0.0430277552910385,0.2940672351906983,0.351024438644384,0.6489755613556161
Llama-3.1-8B-Instruct,30,14157,0.4081264344875099,0.59187356551249,4.890218428228063,4.326200036449188,0.8609,5,True,0.3895006540859851,0.2352679292937497,0.1542327247922354,10,0.0,0.26620355543314,60.8,0.38443857045846686,0.0430277552910385,0.5788782034500457,0.3958927118992484,0.6041072881007516
gemma-scope-2b,0,31,0.4599997896238136,0.5400002103761864,3.0703898811489894,0.29607134493717807,0.3289499999999999,0,False,0.5275166611045158,0.3518284559249878,0.175688205179528,10,0.0,3.814601438603544,100.0,0.36107379564683795,0.04346639411261741,0.3316022363514736,0.5268807651597369,0.4731192348402631
gemma-scope-2b,0,2536,0.5268411392382888,0.4731588607617112,4.316616810181971,0.3737091381641125,0.29005,0,False,0.5287655276795917,0.4060869030848886,0.12267862459470313,10,0.0,3.6289454629636912,100.0,0.36107379564683795,0.04346639411261741,0.40848909845011067,0.5188109693532126,0.4811890306467874
gemma-scope-2b,0,2696,0.4858214076504456,0.5141785923495543,4.999999991746431,0.5503628718125149,0.291,0,False,0.47516128420829773,0.3855818510055542,0.08957943320274353,10,0.0,2.869978394812281,99.7,0.36107379564683795,0.04346639411261741,0.5141785915007926,0.4858214076504456,0.5141785923495543
gemma-scope-2b,0,2725,0.4009915377196208,0.5990084622803792,4.2380740821717975,2.1012205363130874,0.5859,2,True,0.5344601252996857,0.2208322189750315,0.3136279063246542,10,0.1,2.7557332364696068,99.6,0.36107379564683795,0.04346639411261741,0.5077284477984115,0.4808555825724646,0.5191444174275355
gemma-scope-2b,0,2818,0.410273012873236,0.5897269871267641,3.642992612552866,0.8369843813469438,0.4431999999999999,0,False,0.41827412491332516,0.3280254015877177,0.09024872332560746,10,0.0,1.7852278886318333,95.5,0.36107379564683795,0.04346639411261741,0.42967421150517215,0.4386712146349451,0.5613287853650549
gemma-scope-2b,0,3681,0.501686897348644,0.498313102651356,4.978619002838842,0.044134543128129554,0.0377,0,False,0.5381573438644409,0.2429518550634384,0.2952054888010025,10,0.0,3.1063572686608407,99.8,0.36107379564683795,0.04346639411261741,0.4961822164447247,0.4960959449410438,0.5039040550589562
gemma-scope-2b,0,3740,0.4152980163125666,0.5847019836874334,4.722498794056368,0.8677571102174089,0.3942,0,False,0.4063778552701747,0.3163495769292374,0.09002827834093735,10,0.0,1.0827930355748001,85.1,0.36107379564683795,0.04346639411261741,0.552250882569254,0.4081389044735296,0.5918610955264705
gemma-scope-2b,0,4554,0.4361057904182925,0.5638942095817074,2.921324837353208,1.5444743477990606,0.6361000000000001,1,True,0.4445980761154573,0.3049041032791137,0.1396939728363436,10,0.0,2.3040544860412395,98.2,0.36107379564683795,0.04346639411261741,0.32946363201813944,0.4612227359940506,0.5387772640059494
gemma-scope-2b,0,6213,0.5606650717097407,0.43933492829025933,4.999999999891424,4.798447922886454,0.817,5,True,0.5526306731914803,0.4102987157942425,0.1423319573972378,10,0.0,4.591852628625694,100.0,0.36107379564683795,0.04346639411261741,0.439334928280719,0.5606650717097406,0.43933492829025944
gemma-scope-2b,0,6600,0.5504603674234954,0.44953963257650464,4.9999997190370955,4.861383233062172,0.8574,5,True,0.5424671769142151,0.4054633378982544,0.1370038390159607,10,0.0,4.356937418667141,100.0,0.36107379564683795,0.04346639411261741,0.44953960731571246,0.5504541546106339,0.44954584538936615
gemma-scope-2b,0,10338,0.3402724521475225,0.6597275478524776,3.4935467658841097,2.791068864658407,0.9694,3,True,0.31484792118268357,0.2895780205726623,0.025269900610021268,10,0.0,0.493956951208405,70.6,0.36107379564683795,0.04346639411261741,0.4609578082329354,0.3825443231627294,0.6174556768372705
gemma-scope-2b,0,10531,0.6839808053442101,0.31601919465578987,4.224123088305562,3.2168312359208273,0.9011,3,True,0.6810505092144012,0.6344229796872758,0.046627529527125455,10,0.0,7.295992839987671,100.0,0.36107379564683795,0.04346639411261741,0.2669807952986503,0.6782042958725768,0.3217957041274232
gemma-scope-2b,0,10698,0.39442992425297957,0.6055700757470204,4.999999999898647,4.966535745378576,1.0,5,True,0.39459903868092205,0.2458355131247338,0.14876352555618824,10,0.0,0.7674004086862812,78.0,0.36107379564683795,0.04346639411261741,0.6055700757347451,0.3944299242529795,0.6055700757470205
gemma-scope-2b,0,12182,0.3785731341920399,0.62142686580796,4.988870595061935,4.763841894431155,1.0,5,True,0.34683013937415663,0.2705083328182504,0.07632180655590626,10,0.0,0.3282111692698885,64.0,0.36107379564683795,0.04346639411261741,0.6200436435621661,0.3753399516824859,0.6246600483175141
gemma-scope-2b,0,12482,0.36269480534168874,0.6373051946583113,4.999997896721078,0.03447636566323072,0.003,0,False,0.3646569006195002,0.2026544688549958,0.16200243176450438,10,0.0,0.03729340167143757,54.50000000000001,0.36107379564683795,0.04346639411261741,0.6373049265721947,0.3626948053416888,0.6373051946583113
gemma-scope-2b,0,13183,0.4307197964569675,0.5692802035430324,4.0326730166767115,2.7701630828941615,0.7168,2,True,0.3999063255653478,0.2277620732784271,0.17214425228692068,10,0.0,0.7114053153051858,76.3,0.36107379564683795,0.04346639411261741,0.4591441831512426,0.391996019455704,0.608003980544296
gemma-scope-2b,0,13502,0.42504542813647256,0.5749545718635274,4.0171651490891715,0.06469913313098846,0.13485,0,False,0.4462537782105146,0.3056994908214243,0.14055428738909032,10,0.0,1.6996029076989638,94.5,0.36107379564683795,0.04346639411261741,0.46193749367992953,0.4349494054678316,0.5650505945321684
gemma-scope-2b,0,13988,0.8281335630537214,0.17186643694627857,4.999995310948375,3.402421498776094,0.5762,5,True,0.8905761241912842,0.6764680550377413,0.21410806915354286,10,0.5,10.744504417678538,100.0,0.36107379564683795,0.04346639411261741,0.17186627576815947,0.828098659210412,0.17190134078958796
gemma-scope-2b,0,14477,0.4326702737356949,0.5673297262643051,3.016549956783428,1.078319753049846,0.5245,1,False,0.45988455653878785,0.3511129408411425,0.10877161569764537,10,0.0,2.3147783828532504,98.2,0.36107379564683795,0.04346639411261741,0.34227569224890875,0.4616888651193045,0.5383111348806955
gemma-scope-2b,0,16268,0.39983092765997713,0.6001690723400228,4.999999987280803,0.4433433162736664,0.267,0,False,0.31884366801608816,0.1807040505762053,0.13813961743988284,10,0.0,0.8916574011803946,81.10000000000001,0.36107379564683795,0.04346639411261741,0.6001690708132891,0.3998309276599772,0.6001690723400228
gemma-scope-2b,10,603,0.7445035792008646,0.25549642079913537,4.99985192085973,4.934144056604994,0.9842,5,True,0.731310587188831,0.6045342267910908,0.1267763603977402,10,0.0,8.821807167719872,100.0,0.36107379564683795,0.04346639411261741,0.2554888540610686,0.744525942784463,0.25547405721553695
gemma-scope-2b,10,1198,0.34707904108665316,0.6529209589133469,4.9999999995918785,2.4750008333000015,0.498,0,False,0.32285525043008667,0.2766042649745941,0.046250985455492555,10,0.0,-0.32196723114242526,40.699999999999996,0.36107379564683795,0.04346639411261741,0.6529209588600527,0.3470790410866531,0.6529209589133469
gemma-scope-2b,10,1928,0.5932746739242659,0.4067253260757341,4.9976492958013194,4.845074149697293,0.9448,5,True,0.5565960671546429,0.4907207190990448,0.06587534805559814,10,0.0,5.341953979593225,100.0,0.36107379564683795,0.04346639411261741,0.4065341078893909,0.593269272655302,0.40673072734469795
gemma-scope-2b,10,2286,0.403924663000501,0.596075336999499,4.9988337832888545,0.03685207425886778,0.0116,0,False,0.3845857450612942,0.3035770654678345,0.08100867959345975,10,0.0,0.9696999008454706,82.6,0.36107379564683795,0.04346639411261741,0.595936306395677,0.4032231537079532,0.5967768462920469
gemma-scope-2b,10,3209,0.466189896760323,0.5338101032396769,1.2794593309040412,1.0302330653097977,0.7287,1,True,0.40690567242260545,0.344562489442531,0.06234318298007446,10,0.0,1.1917009268951055,87.8,0.36107379564683795,0.04346639411261741,0.13659766350417082,0.4128727377996321,0.5871272622003679
gemma-scope-2b,10,3863,0.3309580842924973,0.6690419157075027,4.999999999593933,2.48125035155459,0.4985,0,False,0.32275790030637175,0.262908502643794,0.05984939766257774,10,0.0,-0.6928504645753139,25.1,0.36107379564683795,0.04346639411261741,0.6690419156531675,0.3309580842924973,0.6690419157075027
gemma-scope-2b,10,4006,0.5289474095454466,0.4710525904545534,4.531807775697814,3.582960228675416,1.0,3,True,0.5045221440799873,0.4190023291705658,0.08551981490942151,10,0.0,3.550373953508571,99.9,0.36107379564683795,0.04346639411261741,0.42694395843690863,0.5153957491572131,0.4846042508427869
gemma-scope-2b,10,4250,0.3731591408157259,0.6268408591842741,4.999999999589811,2.4687516275024484,0.4975,0,False,0.38775196148610636,0.2528796490574319,0.13487231242867448,10,0.0,0.27803882552520987,62.4,0.36107379564683795,0.04346639411261741,0.6268408591328495,0.373159140815726,0.626840859184274
gemma-scope-2b,10,8516,0.7065430466768111,0.2934569533231889,3.110290437399977,3.019237917404018,0.9991,3,True,0.6259588897228241,0.3898814618587494,0.2360774278640747,10,0.0,5.088059729394119,100.0,0.36107379564683795,0.04346639411261741,0.18254727114192917,0.5822334051132202,0.4177665948867798
gemma-scope-2b,10,8648,0.5045503694278147,0.4954496305721853,1.422612704375772,0.19053547296234638,0.3334,0,False,0.5403105592542563,0.2583730364815575,0.2819375227726988,10,0.0,2.1132223324565325,97.3,0.36107379564683795,0.04346639411261741,0.14096658776605472,0.4529279503969782,0.5470720496030218
gemma-scope-2b,10,8945,0.264841418406535,0.7351585815934649,4.999999999597992,2.4937500130208012,0.4995,0,False,0.25562877919502425,0.2083033919334411,0.04732538726158314,10,0.0,-2.213948941588614,1.0999999999999999,0.36107379564683795,0.04346639411261741,0.735158581534357,0.2648414184065351,0.7351585815934649
gemma-scope-2b,10,9562,0.5358994567830385,0.4641005432169615,2.6532198509636093,1.8653493349792512,0.9434,2,True,0.5224122378334752,0.3671892662531582,0.15522297158031706,10,0.0,3.3988135849399845,99.9,0.36107379564683795,0.04346639411261741,0.24627215482124737,0.5088079664451574,0.49119203355484264
gemma-scope-2b,10,10341,0.48751494254608446,0.5124850574539155,4.945229702099418,4.638773459603897,0.9993,5,True,0.4602162393983611,0.2926301658153534,0.1675860735830077,10,0.0,2.6520168849816916,99.3,0.36107379564683795,0.04346639411261741,0.5068712656006459,0.4763474067627681,0.5236525932372319
gemma-scope-2b,10,10787,0.3302373638792579,0.669762636120742,4.99999999945411,2.1400193353424064,0.471,0,False,0.3429195378470702,0.1905370837129903,0.1523824541340799,10,0.0,-0.7094315596477959,24.8,0.36107379564683795,0.04346639411261741,0.6697626360476187,0.330237363879258,0.669762636120742
gemma-scope-2b,10,10818,0.3546618852619731,0.6453381147380268,4.958046874781305,0.13008448182185472,0.1522,0,False,0.35449164561296526,0.2488405854200972,0.10565106019286805,10,0.0,-0.06627416631068002,50.6,0.36107379564683795,0.04346639411261741,0.6399233245908266,0.3581930966144928,0.6418069033855072
gemma-scope-2b,10,11970,0.3109506771368164,0.6890493228631835,2.897450521712732,1.9717520316728576,0.7964000000000001,2,True,0.3166827670188537,0.2553997635841369,0.061283003434716765,10,0.0,-0.035025775381724536,51.6,0.36107379564683795,0.04346639411261741,0.3992972640031472,0.3595513514899959,0.640448648510004
gemma-scope-2b,10,12045,0.7217096957777516,0.27829030422224843,4.573440180658458,1.4923637112003099,0.4644999999999999,0,False,0.7438958213524416,0.6587174738217918,0.08517834753064979,10,0.0,8.35467635474099,100.0,0.36107379564683795,0.04346639411261741,0.2545488118435394,0.7242214507653756,0.2757785492346244
gemma-scope-2b,10,13527,0.662960432322456,0.33703956767754395,4.898387308634642,0.1887420697717844,0.18625,0,False,0.623056450904715,0.5012816936159641,0.12177475728875087,10,0.0,7.189364290363756,100.0,0.36107379564683795,0.04346639411261741,0.3301900681638775,0.6735695373109669,0.3264304626890331
gemma-scope-2b,10,15015,0.4897868961329168,0.5102131038670832,4.4104796639611985,3.7419093054532993,0.9707,3,True,0.49963665020468007,0.3231318207822082,0.17650482942247187,10,0.0,3.0958037708915715,99.8,0.36107379564683795,0.04346639411261741,0.45005690377845864,0.4956372224477381,0.5043627775522619
gemma-scope-2b,10,15418,0.6228872557649913,0.37711274423500873,3.753801775860804,3.3885468755622723,0.9661,3,True,0.45581862857120026,0.3722518460600474,0.08356678251115285,10,0.0,4.240530145526336,100.0,0.36107379564683795,0.04346639411261741,0.28312129780182343,0.5453943501987205,0.4546056498012795
gemma-scope-2b,20,759,0.41712426562614613,0.5828757343738539,4.999997767571785,0.03346425462142428,0.0,0,False,0.39943889250784803,0.3342528540786702,0.0651860384291778,10,0.0,1.289512763218558,90.10000000000001,0.36107379564683795,0.04346639411261741,0.5828754741282068,0.4171242656261461,0.582875734373854
gemma-scope-2b,20,1374,0.7196774426807162,0.2803225573192838,4.999997767571785,0.03346425462142428,0.0,0,False,0.7436829525452371,0.5803456806724493,0.1633372718727878,10,0.0,8.250135635929897,100.0,0.36107379564683795,0.04346639411261741,0.2803224321592866,0.7196774426807163,0.2803225573192837
gemma-scope-2b,20,1478,0.6177515183148387,0.38224848168516135,4.999998422804395,0.039813206505208545,0.0175,0,False,0.634838350703619,0.5165325115044431,0.11830583919917592,10,0.0,5.905199359371117,100.0,0.36107379564683795,0.04346639411261741,0.38224836110903626,0.6177515183148388,0.38224848168516123
gemma-scope-2b,20,1615,0.4295994189534095,0.5704005810465905,4.999997767571785,0.03346425462142428,0.0,0,False,0.43610671557720093,0.3070131770356704,0.12909353854153055,10,0.0,1.5765196240807968,93.5,0.36107379564683795,0.04346639411261741,0.5704003263709204,0.4295994189534093,0.5704005810465906
gemma-scope-2b,20,1654,0.5737501753717728,0.42624982462822725,4.948017215043356,3.942565032148265,0.6788,5,True,0.5691912606296509,0.4108347594738006,0.15835650115585026,10,0.0,4.729023406526221,100.0,0.36107379564683795,0.04346639411261741,0.42181829403393595,0.5666273908026992,0.4333726091973008
gemma-scope-2b,20,1817,0.8640190116631435,0.13598098833685646,3.124626726812294,2.8130617822471984,0.8462000000000003,3,True,0.7445386648178101,0.4663681109924258,0.27817055382538425,10,0.1,7.555011720975941,100.0,0.36107379564683795,0.04346639411261741,0.0849779660991385,0.6894629126362221,0.31053708736377794
gemma-scope-2b,20,3307,0.7955562760020661,0.20444372399793387,4.932104987384165,1.6072312850344928,0.45815,0,False,0.7958222031593323,0.7362682066123621,0.059553996546970134,10,0.1,10.110053486449502,100.0,0.36107379564683795,0.04346639411261741,0.20166758215392028,0.8005213649884937,0.1994786350115063
gemma-scope-2b,20,3429,0.6585971438384717,0.3414028561615283,4.500072208499451,0.15785358192981694,0.2097,0,False,0.6312739060792705,0.4853510576068128,0.14592284847245768,10,0.0,6.531490741561475,100.0,0.36107379564683795,0.04346639411261741,0.30726750098296585,0.6449741463624608,0.35502585363753925
gemma-scope-2b,20,4356,0.4200295115804199,0.5799704884195801,4.936961702847563,1.8596670967151177,0.48235,0,False,0.4323131889104843,0.3490267992019653,0.08328638970851904,10,0.0,1.3469559297734008,91.0,0.36107379564683795,0.04346639411261741,0.5726584180218526,0.4196211129426956,0.5803788870573043
gemma-scope-2b,20,4671,0.40383779250827895,0.596162207491721,4.741298683720274,0.037889509194703776,0.0512,0,False,0.3522241689485671,0.2959894361502273,0.05623473279833979,10,0.0,0.9917055098568665,82.8,0.36107379564683795,0.04346639411261741,0.5653166179328539,0.4041796581819307,0.5958203418180693
gemma-scope-2b,20,6348,0.48183292154619495,0.518167078453805,4.855537296532325,4.2607290658579275,0.9745,5,True,0.4658746313006159,0.4120317101478576,0.053842921152758294,10,0.0,3.090734594075683,99.8,0.36107379564683795,0.04346639411261741,0.5031959150535283,0.4954168836104322,0.5045831163895678
gemma-scope-2b,20,7626,0.41708065074827005,0.58291934925173,4.999997429098598,4.784107043859899,0.8132,5,True,0.4158278157813666,0.2991173685123109,0.11671044726905572,10,0.0,1.2898158090212466,90.10000000000001,0.36107379564683795,0.04346639411261741,0.5829190495260955,0.4171374379344399,0.5828625620655601
gemma-scope-2b,20,8980,0.6673562256921013,0.3326437743078987,4.800300766799632,1.331368138702874,0.441,0,False,0.6630419992803454,0.5444117460005444,0.11863025327980092,10,0.0,6.94285938436875,100.0,0.36107379564683795,0.04346639411261741,0.31935803297626597,0.6628548579162943,0.3371451420837057
gemma-scope-2b,20,9859,0.7017906104202838,0.2982093895797162,3.577300859393334,0.4795455276622568,0.3564999999999999,0,False,0.7108656555364076,0.589167321373981,0.12169833416242659,10,0.0,7.914032476889709,100.0,0.36107379564683795,0.04346639411261741,0.21335694112453607,0.7050682503073797,0.29493174969262026
gemma-scope-2b,20,10433,0.5162218447990224,0.48377815520097756,4.999999983097087,0.38458224383718076,0.2515,0,False,0.4996665715032318,0.4516359923319857,0.04803057917124609,10,0.0,3.569379340513274,100.0,0.36107379564683795,0.04346639411261741,0.48377815356552556,0.5162218447990223,0.48377815520097767
gemma-scope-2b,20,11664,0.3911180263595986,0.6088819736404014,4.9999999995813775,2.443759490265726,0.4955,0,False,0.3638291507959366,0.2878606147849198,0.07596853601101677,10,0.0,0.691205960975712,75.9,0.36107379564683795,0.04346639411261741,0.6088819735894231,0.3911180263595987,0.6088819736404013
gemma-scope-2b,20,13722,0.42188067244287675,0.5781193275571233,3.3869680715088957,0.24273373967664263,0.2952,0,False,0.3963758498430252,0.3279905319213867,0.06838531792163849,10,0.0,1.0612487581747698,84.2,0.36107379564683795,0.04346639411261741,0.3916143407916339,0.4072024524211883,0.5927975475788116
gemma-scope-2b,20,15565,0.3116297503822379,0.6883702496177622,4.999999999898647,4.966535745378576,1.0,5,True,0.2897374069610543,0.2158263176679611,0.07391108929309323,10,0.0,-1.1375235115315754,11.799999999999999,0.36107379564683795,0.04346639411261741,0.6883702496038085,0.311629750382238,0.6883702496177619
gemma-scope-2b,20,15809,0.4764461989387422,0.5235538010612578,4.999999998586719,1.3300124173921506,0.3984999999999999,0,False,0.42594247208873237,0.3556956052780151,0.07024686681071729,10,0.0,2.654289725367718,99.3,0.36107379564683795,0.04346639411261741,0.5235538009132721,0.4764461989387422,0.5235538010612578
gemma-scope-2b,20,15942,0.43168349226786373,0.5683165077321363,3.773309252481547,2.177122033845418,0.71305,1,True,0.42740697101313124,0.1765129908017524,0.2508939802113789,10,0.0,0.7889177129219621,78.5,0.36107379564683795,0.04346639411261741,0.4288867873927341,0.3953652038791287,0.6046347961208713
gpt2-small-sae,0,259,0.4671537997833653,0.5328462002166348,4.9999999996,2.5,0.5,5,False,0.46162268482303537,0.2807174921035766,0.18090519271945876,10,0.0,3.0485142007706245,99.9,0.33802439597956024,0.04235814409890655,0.5328462001740071,0.4671537997833653,0.5328462002166348
gpt2-small-sae,0,2002,0.29029154019424463,0.7097084598057554,4.9541413377184496,2.541015933244071,0.54305,1,False,0.2837097942829132,0.2091685259837794,0.0745412682991338,10,0.0,-1.1488029251241776,12.3,0.33802439597956024,0.04235814409890655,0.7031992036904371,0.289363236135905,0.710636763864095
gpt2-small-sae,0,2236,0.26032700305586093,0.7396729969441391,4.943825711041792,2.3710128199316767,0.53035,1,False,0.29009136318615947,0.1242700071448095,0.16582135604134995,10,0.0,-1.619210382220126,5.3,0.33802439597956024,0.04235814409890655,0.7313628760111544,0.2694376492830346,0.7305623507169654
gpt2-small-sae,0,2332,0.4479541765375247,0.5520458234624753,4.9999999996,2.5,0.5,5,False,0.4508849562707494,0.2789061298594244,0.171978826411325,10,0.0,2.595245445628535,99.5,0.33802439597956024,0.04235814409890655,0.5520458234183117,0.4479541765375247,0.5520458234624753
gpt2-small-sae,0,3358,0.36037041657202973,0.6396295834279703,4.9999999996,2.5,0.5,5,False,0.3903092062135626,0.2307125639490749,0.15959664226448766,10,0.0,0.5275495673344734,71.3,0.33802439597956024,0.04235814409890655,0.6396295833767999,0.3603704165720297,0.6396295834279704
gpt2-small-sae,0,5369,0.6547876451612836,0.3452123548387164,4.9999999996,2.5,0.5,5,False,0.5926380698300568,0.55102583461846,0.04161223521159685,10,0.0,7.478213597887553,100.0,0.33802439597956024,0.04235814409890655,0.3452123548110994,0.6547876451612836,0.3452123548387164
gpt2-small-sae,0,8966,0.23012991845607753,0.7698700815439224,4.9999999996,2.5,0.5,5,False,0.23655119538307184,0.1572215259075164,0.07932966947555545,10,0.0,-2.547195582307582,0.3,0.33802439597956024,0.04235814409890655,0.7698700814823328,0.2301299184560775,0.7698700815439226
gpt2-small-sae,0,9661,0.4004198111507953,0.5995801888492047,4.9999999996,2.5,0.5,5,False,0.2903311169670538,0.2194763273000717,0.07085478966698214,10,0.0,1.4730441217051748,93.4,0.33802439597956024,0.04235814409890655,0.5995801888012383,0.4004198111507953,0.5995801888492047
gpt2-small-sae,0,10233,0.5688566447547837,0.4311433552452163,4.9999999996,2.5,0.5,5,False,0.5939171556283749,0.320897083229001,0.27302007239937387,10,0.0,5.44953641585969,100.0,0.33802439597956024,0.04235814409890655,0.43114335521072483,0.5688566447547837,0.4311433552452163
gpt2-small-sae,0,10917,0.5412128127013562,0.45878718729864376,4.9999999996,2.5,0.5,5,False,0.5637461209394619,0.3390806307052492,0.22466549023421267,10,0.0,4.796914998148873,100.0,0.33802439597956024,0.04235814409890655,0.4587871872619408,0.5412128127013562,0.45878718729864376
gpt2-small-sae,0,13767,0.34025439385049017,0.6597456061495098,4.9999999996,2.5,0.5,5,False,0.3533573474458067,0.1985342502593994,0.15482309718640733,10,0.0,0.05264626008454968,54.1,0.33802439597956024,0.04235814409890655,0.6597456060967302,0.3402543938504901,0.6597456061495099
gpt2-small-sae,0,14315,0.6332748259232511,0.36672517407674887,4.9999999996,2.5,0.5,5,False,0.6583689749240875,0.3138969949545273,0.34447197996956025,10,0.0,6.970334423866143,100.0,0.33802439597956024,0.04235814409890655,0.36672517404741084,0.6332748259232511,0.36672517407674887
gpt2-small-sae,0,16192,0.33050812345708397,0.6694918765429161,4.9999999996,2.5,0.5,5,False,0.3031224373384206,0.1448945254087448,0.15822791192967578,10,0.0,-0.17744574703097907,44.4,0.33802439597956024,0.04235814409890655,0.6694918764893567,0.3305081234570839,0.6694918765429161
gpt2-small-sae,0,18124,0.3271328985744389,0.6728671014255612,4.999999999565992,2.4000532992220913,0.492,0,False,0.2814263787114343,0.2351632118225097,0.04626316688892457,10,0.0,-0.25712876795757705,40.6,0.33802439597956024,0.04235814409890655,0.6728671013671552,0.3271328985744389,0.6728671014255612
gpt2-small-sae,0,28565,0.4944211111229323,0.5055788888770677,4.9999999996,2.5,0.5,5,False,0.5258745390783673,0.2874963283538818,0.23837821072448556,10,0.0,3.692246638053468,100.0,0.33802439597956024,0.04235814409890655,0.5055788888366214,0.4944211111229323,0.5055788888770677
gpt2-small-sae,0,28810,0.25650267414672456,0.7434973258532754,4.9999999996,2.5,0.5,5,False,0.25179558683332365,0.1590058552922564,0.09278973154106726,10,0.0,-1.9245820034627075,2.3,0.33802439597956024,0.04235814409890655,0.7434973257937957,0.2565026741467246,0.7434973258532753
gpt2-small-sae,0,29332,0.3509556765336963,0.6490443234663037,4.795438046694569,3.0058106237209534,0.6562,5,True,0.32917134542796833,0.2309975944760345,0.09817375095193384,10,0.0,0.15184113943063143,57.8,0.33802439597956024,0.04235814409890655,0.6224903685482899,0.3444561048437051,0.6555438951562949
gpt2-small-sae,0,29707,0.3242095659677403,0.6757904340322597,4.9999999996,2.5,0.5,5,False,0.28706829049715255,0.2559544444084167,0.031113846088735853,10,0.0,-0.32614342072122454,37.9,0.33802439597956024,0.04235814409890655,0.6757904339781965,0.3242095659677403,0.6757904340322597
gpt2-small-sae,0,32439,0.3235852111551669,0.6764147888448331,4.9999999996,2.5,0.5,5,False,0.29071843198421116,0.2605462670326233,0.030172164951587865,10,0.0,-0.3408833208243892,37.3,0.33802439597956024,0.04235814409890655,0.6764147887907199,0.323585211155167,0.6764147888448331
gpt2-small-sae,5,288,0.34949524353208,0.65050475646792,4.851961949231518,2.6932924685121096,0.5854999999999999,2,True,0.35343603173279636,0.247787639630578,0.10564839210221835,10,0.0,0.41750844391468656,67.2,0.33802439597956024,0.04235814409890655,0.6312448652352926,0.3557092788094088,0.6442907211905913
gpt2-small-sae,5,330,0.9674083967561492,0.0325916032438508,4.999999999597992,2.4937500130208012,0.4995,0,False,1.0,0.918520991890373,0.08147900810962705,10,1.0,14.858630239015504,100.0,0.33802439597956024,0.04235814409890655,0.03259160324123038,0.9674083967561492,0.0325916032438508
gpt2-small-sae,5,966,0.3917209530455245,0.6082790469544754,4.9999999996,2.5,0.5,5,False,0.3897431609911407,0.2794235182152087,0.11031964277593198,10,0.0,1.2676796448064969,89.4,0.33802439597956024,0.04235814409890655,0.6082790469058131,0.3917209530455245,0.6082790469544754
gpt2-small-sae,5,7238,0.297472084753439,0.702527915246561,4.9999999996,2.5,0.5,5,False,0.3126585681862073,0.1538292020559311,0.1588293661302762,10,0.0,-0.9573675166558602,16.0,0.33802439597956024,0.04235814409890655,0.7025279151903587,0.297472084753439,0.702527915246561
gpt2-small-sae,5,16103,0.46447709289399286,0.5355229071060071,4.9999999996,2.5,0.5,5,False,0.4453795286786846,0.3390900492668152,0.10628947941186939,10,0.0,2.985321939959519,99.9,0.33802439597956024,0.04235814409890655,0.5355229070631653,0.4644770928939928,0.5355229071060073
gpt2-small-sae,5,16512,0.48167148578767416,0.5183285142123258,4.999999999579229,2.437513017578948,0.495,0,False,0.465084345670323,0.2379969663621808,0.22708737930814218,10,0.0,3.391250794007805,99.9,0.33802439597956024,0.04235814409890655,0.5183285141687063,0.4816714857876741,0.518328514212326
gpt2-small-sae,5,16554,0.40614931838784096,0.593850681612159,4.999999999525025,2.294216659248859,0.4835,0,False,0.3715437803812316,0.3132528177945132,0.0582909625867184,10,0.0,1.6083075370159872,94.39999999999999,0.33802439597956024,0.04235814409890655,0.5938506815557463,0.4061493183878409,0.5938506816121591
gpt2-small-sae,5,16845,0.2814169060048695,0.7185830939951305,4.8583078589130775,2.7129014636034023,0.5983999999999999,1,True,0.2727621130697011,0.1946583655272943,0.07810374754240682,10,0.0,-1.3268671584148208,9.6,0.33802439597956024,0.04235814409890655,0.6982195785677234,0.2818207656833186,0.7181792343166814
gpt2-small-sae,5,17724,0.43489624857902526,0.5651037514209747,4.999999999597992,2.4937500130208012,0.4995,0,False,0.43465231359004974,0.3642135858535766,0.07043872773647314,10,0.0,2.2869711282266882,98.6,0.33802439597956024,0.04235814409890655,0.5651037513755394,0.4348962485790252,0.5651037514209748
gpt2-small-sae,5,17855,0.5736457012824793,0.42635429871752073,4.9999999996,2.5,0.5,5,False,0.5113915807838199,0.4529322683811188,0.05845931240270108,10,0.1,5.562597472465784,100.0,0.33802439597956024,0.04235814409890655,0.4263542986834124,0.5736457012824793,0.42635429871752073
gpt2-small-sae,5,22011,0.3975963713456303,0.6024036286543697,4.999999999450975,2.1339011366008256,0.4705,0,False,0.31293769721735115,0.1739292740821838,0.13900842313516734,10,0.0,1.406387759269365,92.10000000000001,0.33802439597956024,0.04235814409890655,0.6024036285882228,0.3975963713456303,0.6024036286543697
gpt2-small-sae,5,24156,0.6091550328022037,0.39084496719779627,4.999999999589811,2.4687516275024484,0.4975,0,False,0.6240863539357443,0.4805155717711993,0.143570782164545,10,0.0,6.4009092605557,100.0,0.33802439597956024,0.04235814409890655,0.3908449671657322,0.609155032802204,0.39084496719779604
gpt2-small-sae,5,25929,0.4806140210596687,0.5193859789403312,4.718159197912406,3.293693237893263,0.7412000000000001,4,True,0.45731856258475556,0.3310847483772363,0.12623381420751928,10,0.0,3.0957268548532344,99.9,0.33802439597956024,0.04235814409890655,0.4901091467608125,0.4691536401882883,0.5308463598117117
gpt2-small-sae,5,26939,0.505937452383472,0.494062547616528,4.775141131568813,2.1108614727174166,0.5428,1,False,0.4809739153996765,0.3071782818820162,0.1737956335176603,10,0.0,3.580900110582484,100.0,0.33802439597956024,0.04235814409890655,0.47184367853827164,0.4897046788674035,0.5102953211325965
gpt2-small-sae,5,28227,0.6316128136148947,0.36838718638510526,4.99999999959597,2.487500104165625,0.499,0,False,0.6476856768131256,0.4996079802279469,0.14807769658517872,10,0.0,6.931097286741449,100.0,0.33802439597956024,0.04235814409890655,0.3683871863553374,0.6316128136148947,0.36838718638510526
gpt2-small-sae,5,28452,0.492869159214024,0.507130840785976,4.999999999514583,2.2694072947711015,0.4815,0,False,0.4800948885765495,0.3508443027231519,0.12925058585339755,10,0.0,3.6556078300527113,100.0,0.33802439597956024,0.04235814409890655,0.507130840736742,0.4928691592140241,0.5071308407859759
gpt2-small-sae,5,28636,0.3240032788347402,0.6759967211652598,4.999999999492704,2.2199305472769,0.4775,0,False,0.3129646293542015,0.1444543215957691,0.1685103077584324,10,0.0,-0.3310134908668463,37.6,0.33802439597956024,0.04235814409890655,0.6759967210966736,0.3240032788347403,0.6759967211652598
gpt2-small-sae,5,30319,0.3022767297117115,0.6977232702882885,4.999999999525025,2.294216659248859,0.4835,0,False,0.24981604651802455,0.1462480363993669,0.10356801011865766,10,0.0,-0.8439384450928189,19.7,0.33802439597956024,0.04235814409890655,0.6977232702220083,0.3022767297117115,0.6977232702882885
gpt2-small-sae,5,31286,0.7762407834830485,0.22375921651695152,4.9999999996,2.5,0.5,5,False,0.7481736690894576,0.712067680831691,0.036105988257766564,10,0.1,10.345504904092351,100.0,0.33802439597956024,0.04235814409890655,0.22375921649905078,0.7762407834830485,0.22375921651695152
gpt2-small-sae,5,32177,0.6995166174896129,0.3004833825103871,4.943338539085135,2.2999359452260446,0.5235,1,False,0.7266181409358978,0.5276623964309692,0.1989557445049286,10,0.0,8.448304150354852,100.0,0.33802439597956024,0.04235814409890655,0.29707821702365134,0.6958788805716813,0.30412111942831865
gpt2-small-sae,10,900,0.38830377894002976,0.6116962210599702,4.45083873482415,3.452609443459631,1.0,2,True,0.2956443622216207,0.2295170128345489,0.06612734938707182,10,0.0,0.08547175942032591,55.50000000000001,0.33802439597956024,0.04235814409890655,0.5445122469278543,0.3416448210814735,0.6583551789185265
gpt2-small-sae,10,1319,0.36008455509621423,0.6399154449037858,4.999999999597992,2.4937500130208012,0.4995,0,False,0.36993084847927094,0.2245431572743482,0.14538769120492273,10,0.0,0.5208008893199717,71.1,0.33802439597956024,0.04235814409890655,0.6399154448523355,0.3600845550962143,0.6399154449037857
gpt2-small-sae,10,1690,0.531917607457051,0.46808239254294903,1.078771335790934,1.0134014468925188,0.8684999999999999,1,True,0.3651037632316565,0.2985199213910154,0.06658384184064109,10,0.0,2.9235101626511053,99.9,0.33802439597956024,0.04235814409890655,0.1009907735727547,0.4618588607237535,0.5381411392762465
gpt2-small-sae,10,4369,0.4797183543760977,0.5202816456239023,4.85278475269605,4.423772785691412,0.9962,5,True,0.44671746259249573,0.3638754568174216,0.08284200577507411,10,0.0,3.316738887407278,99.9,0.33802439597956024,0.04235814409890655,0.5049629673982565,0.4785152997108047,0.5214847002891954
gpt2-small-sae,10,5239,0.4872318321705483,0.5127681678294518,4.707414732481719,3.081271206951686,0.6884,3,True,0.4877992421388626,0.3846224615202873,0.10317678061857533,10,0.0,3.851987360966761,100.0,0.33802439597956024,0.04235814409890655,0.482762485517604,0.5011874316825571,0.4988125683174429
gpt2-small-sae,10,8624,0.37323846619751666,0.6267615338024833,4.999999999597992,2.4937500130208012,0.4995,0,False,0.3793514278899452,0.2531748489491597,0.1261765789407855,10,0.0,0.8313411970017237,79.10000000000001,0.33802439597956024,0.04235814409890655,0.6267615337520906,0.3732384661975167,0.6267615338024832
gpt2-small-sae,10,8757,0.47443271229397416,0.5255672877060258,4.999999999424988,2.0851227289940026,0.4665,0,False,0.4684981256723404,0.3579540635374753,0.11054406213486512,10,0.0,3.220356302577838,99.9,0.33802439597956024,0.04235814409890655,0.5255672876455842,0.4744327122939742,0.5255672877060258
gpt2-small-sae,10,9242,0.4092863243220071,0.5907136756779929,4.999999999589811,2.4687516275024484,0.4975,0,False,0.38529956340789795,0.2862199034160348,0.09907965999186313,10,0.0,1.6823666347621336,95.19999999999999,0.33802439597956024,0.04235814409890655,0.590713675629532,0.4092863243220072,0.5907136756779928
gpt2-small-sae,10,9814,0.7362045313960933,0.2637954686039067,4.999999999438187,2.109473835578455,0.4685,0,False,0.7236624467349952,0.6494183733885999,0.07424407334639538,10,0.0,9.400320620440302,100.0,0.33802439597956024,0.04235814409890655,0.26379546857426595,0.7362045313960932,0.2637954686039068
gpt2-small-sae,10,9896,0.6540770187577669,0.3459229812422331,3.601821300686768,2.6926968290909503,0.8371,2,True,0.5607132454997024,0.5084420442581177,0.052271201241584686,10,0.0,6.1484081825292805,100.0,0.33802439597956024,0.04235814409890655,0.24919055244706892,0.5984595557540316,0.40154044424596835
gpt2-small-sae,10,10235,0.30384761093080476,0.6961523890691952,4.9999999995813775,2.443759490265726,0.4955,0,False,0.3208623337231681,0.2190160210700031,0.10184631265316499,10,0.0,-0.8068527499446746,20.599999999999998,0.33802439597956024,0.04235814409890655,0.6961523890109101,0.3038476109308047,0.6961523890691953
gpt2-small-sae,10,14924,0.5921640170788154,0.4078359829211846,4.947955918564773,2.4444149836412112,0.53605,1,False,0.6071107578610242,0.4515271186828613,0.15558363917816292,10,0.0,6.014365324141372,100.0,0.33802439597956024,0.04235814409890655,0.4035908930997114,0.5927817490430073,0.4072182509569927
gpt2-small-sae,10,15235,0.5411473270595483,0.45885267294045173,4.620692122772519,3.6331960671171273,0.8217,4,True,0.5784097051195424,0.3580338741520724,0.22037583096747,10,0.0,4.8929209360041614,100.0,0.33802439597956024,0.04235814409890655,0.4240433862738121,0.5452794460513812,0.45472055394861877
gpt2-small-sae,10,15562,0.6652360017274218,0.3347639982725782,4.732197678189523,4.3964212786963035,0.9954,4,True,0.6908221918241184,0.3730673567612561,0.31775483506286234,10,0.0,6.439450375068714,100.0,0.33802439597956024,0.04235814409890655,0.3168338830733872,0.6107875628844787,0.38921243711552134
gpt2-small-sae,10,17243,0.45345470843159996,0.5465452915684,3.570854268161819,1.5824418076015025,0.5304000000000001,2,False,0.46799835562705994,0.411306232213974,0.05669212341308594,10,0.0,3.330441690047702,99.9,0.33802439597956024,0.04235814409890655,0.39032671742815345,0.4790957249996067,0.5209042750003934
gpt2-small-sae,10,20265,0.36225893530250397,0.637741064697496,4.521303937279906,3.9068784240403467,0.9971,3,True,0.3038824164064875,0.1950834607978524,0.10879895560863509,10,0.0,-0.3761000042544377,36.0,0.33802439597956024,0.04235814409890655,0.5766842373563735,0.3220934978037514,0.6779065021962486
gpt2-small-sae,10,21878,0.27833663284377436,0.7216633671562256,4.9999999996,2.5,0.5,5,False,0.27084052438494466,0.1901229655669355,0.08071755881800916,10,0.0,-1.4091213013585915,7.9,0.33802439597956024,0.04235814409890655,0.7216633670984925,0.2783366328437743,0.7216633671562257
gpt2-small-sae,10,24347,0.5698140671735332,0.4301859328264668,3.2884304828970947,2.5577610149704655,0.8193,3,True,0.5236581847871442,0.394662213961817,0.1289959708253272,10,0.0,4.5292282472307,100.0,0.33802439597956024,0.04235814409890655,0.282927306964015,0.5298740987325962,0.47012590126740383
gpt2-small-sae,10,27166,0.4065673140311171,0.5934326859688829,4.9999999995813775,2.443759490265726,0.4955,0,False,0.3819601441553841,0.2976207137107849,0.08433943044459918,10,0.0,1.6181756663254359,94.6,0.33802439597956024,0.04235814409890655,0.5934326859191981,0.4065673140311172,0.5934326859688828
gpt2-small-sae,10,27300,0.7584758435521308,0.24152415644786918,3.611793162026402,1.6724088091945546,0.5801000000000001,1,True,0.7581610598291733,0.7408674822686763,0.017293577560496987,10,0.0,10.185424498688201,100.0,0.33802439597956024,0.04235814409890655,0.17446705934452178,0.769460074603528,0.23053992539647195
gpt2-xl,0,440,0.3712784700212969,0.6287215299787031,4.450922747479704,0.0547601906670526,0.1022,0,False,0.3773175372821056,0.2809908520584796,0.09632668522362597,10,0.0,0.7266925941940265,79.4,0.36830621696710797,0.04074608470465467,0.5596781919224905,0.397916094964383,0.602083905035617
gpt2-xl,0,1149,0.6473698756563951,0.35263012434360486,3.1434678008401566,1.83449905999654,0.651,1,True,0.6951915720745792,0.511614978313446,0.1835765937611331,10,0.0,7.538415388876436,100.0,0.36830621696710797,0.04074608470465467,0.22169628829607652,0.6754671289411395,0.32453287105886053
gpt2-xl,0,1749,0.35244596317124777,0.6475540368287522,1.1617105207527538,0.8959559432891591,0.6586000000000001,1,True,0.36562145748123,0.245127350672801,0.12049410680842898,10,0.0,0.11065756698855879,54.900000000000006,0.36830621696710797,0.04074608470465467,0.15045406746797554,0.3728150795648348,0.6271849204351652
gpt2-xl,0,2725,0.4323649493758252,0.5676350506241747,4.999966895089387,4.940661527618847,0.9717,5,True,0.40895558218932415,0.326072941656534,0.08288264053279015,10,0.0,1.56969194370537,93.7,0.36830621696710797,0.04074608470465467,0.5676312923226524,0.432265017865541,0.567734982134459
gpt2-xl,0,3057,0.4185429771463747,0.5814570228536253,4.439844532884489,3.4479432378567685,0.8348,4,True,0.41715325654941293,0.3704778629256575,0.046675393623755446,10,0.0,1.2275332331714672,90.2,0.36830621696710797,0.04074608470465467,0.516315756804792,0.4183233900636912,0.5816766099363089
gpt2-xl,0,3124,0.26798852734807543,0.7320114726519246,1.09296617414946,1.0387964406326178,0.9996,1,True,0.28596882969293014,0.2424662709236145,0.043502558769315636,10,0.0,-1.5290055263821352,5.800000000000001,0.36830621696710797,0.04074608470465467,0.1600127557395772,0.3060052282752564,0.6939947717247437
gpt2-xl,0,3279,0.3402751194792085,0.6597248805207915,4.999580617948093,4.858773167649112,0.9124,5,True,0.2903857058056773,0.2364021398781458,0.05398356592753151,10,0.0,-0.6905188662588264,25.5,0.36830621696710797,0.04074608470465467,0.6596695451659741,0.3401702767523637,0.6598297232476362
gpt2-xl,0,3533,0.44739173749215927,0.5526082625078408,4.717418407143519,3.942615899635257,0.9871,5,True,0.41832529935305646,0.2797325516065914,0.13859274774646507,10,0.0,1.5439213015015933,93.7,0.36830621696710797,0.04074608470465467,0.5213768778988173,0.4312149650954126,0.5687850349045874
gpt2-xl,0,3696,0.35446453353312424,0.6455354664668758,3.513193425629061,0.0698957743162288,0.1516999999999999,0,False,0.35560808911870656,0.3011374890126299,0.05447060010607668,10,0.0,0.09151618189102115,54.50000000000001,0.36830621696710797,0.04074608470465467,0.4535781913603634,0.3720351430662861,0.627964856933714
gpt2-xl,0,3943,0.3537397810383132,0.6462602189616868,4.998060548847979,4.914390144692026,0.9996,5,True,0.26876049903388544,0.2117287877717253,0.05703171126216014,10,0.0,-0.4084481793583177,34.2,0.36830621696710797,0.04074608470465467,0.6460095409364527,0.351663552853512,0.6483364471464881
gpt2-xl,0,4297,0.36733264388497555,0.6326673561150244,4.999902848911747,4.935843091099463,0.9973,5,True,0.3532752744453689,0.2860607036315981,0.0672145708137708,10,0.0,-0.02767144899562457,49.7,0.36830621696710797,0.04074608470465467,0.6326550632505947,0.3671787137624317,0.6328212862375683
gpt2-xl,0,4405,0.2211381464038305,0.7788618535961696,1.1667783070715165,0.9156816628447307,0.6707,1,True,0.3092812356662548,0.2021447867155075,0.10713644895074731,10,0.0,-1.0300465840085598,15.2,0.36830621696710797,0.04074608470465467,0.1817518229963044,0.326335851605355,0.6736641483946451
gpt2-xl,0,4679,0.5286924109927045,0.4713075890072955,4.999771099073126,4.937847320125099,0.9944,5,True,0.5483709544914401,0.2946805953979492,0.2536903590934909,10,0.0,3.952101967959393,99.9,0.36830621696710797,0.04074608470465467,0.4712860124585022,0.5293388985150138,0.4706611014849862
gpt2-xl,0,4842,0.47200160085421655,0.5279983991457835,3.6085776846658164,2.601716291003648,0.8326,2,True,0.46028365859441445,0.2967399745208019,0.16354368407361253,10,0.0,2.159966963055456,97.39999999999999,0.36830621696710797,0.04074608470465467,0.3810646481393498,0.4563164138030213,0.5436835861969787
gpt2-xl,0,5085,0.42162818610918,0.57837181389082,3.11354619650089,1.3467803947091435,0.5608,1,True,0.4338563233613968,0.3308597207069397,0.10299660265445709,10,0.0,1.2892076266405856,91.5,0.36830621696710797,0.04074608470465467,0.36015747226061673,0.4208363801240921,0.5791636198759079
gpt2-xl,0,5551,0.5642666216436699,0.4357333783563301,3.058823856742271,2.9930959644077415,0.9979,3,True,0.4138301344915788,0.2582295979124551,0.1556005365791237,10,0.0,1.366562207769505,92.4,0.36830621696710797,0.04074608470465467,0.26656633057904977,0.4239882764390641,0.5760117235609359
gpt2-xl,0,5781,0.36985134350647414,0.6301486564935259,3.921929423737551,3.0478417663039474,0.8194000000000001,4,True,0.4729569722685494,0.1932324824700499,0.2797244897984995,10,0.0,1.314876060753099,91.60000000000001,0.36830621696710797,0.04074608470465467,0.4942797114461292,0.4218822683146764,0.5781177316853237
gpt2-xl,0,5960,0.3839126552481902,0.6160873447518098,4.9999680543915455,4.942549559608459,0.9772,5,True,0.38377506634504993,0.2555676241694209,0.12820744217562902,10,0.0,0.3847416004940907,66.0,0.36830621696710797,0.04074608470465467,0.6160834084947919,0.3839829308102446,0.6160170691897554
gpt2-xl,0,6114,0.5482587467251954,0.45174125327480463,4.040673802907134,3.5932429330069895,0.9803,4,True,0.4828334003686905,0.3453890085220337,0.1374443918466568,10,0.0,2.7727598502908886,99.1,0.36830621696710797,0.04074608470465467,0.3650678095599879,0.4812853246927261,0.5187146753072739
gpt2-xl,0,6314,0.5387000969292504,0.46129990307074964,4.999935933868589,4.923661123839415,0.9551,5,True,0.5178570449352264,0.444060299154503,0.07379674578072343,10,0.0,4.181212128243695,100.0,0.36830621696710797,0.04074608470465467,0.46129399233070767,0.538674240512655,0.461325759487345
gpt2-xl,20,328,0.44903190565429385,0.5509680943457061,4.9999991315381465,4.9640192735375095,0.9997,5,True,0.4240892597222415,0.3670054832690403,0.057083776453201174,10,0.0,1.981933625446908,96.3,0.36830621696710797,0.04074608470465467,0.5509679986467516,0.449062252348571,0.550937747651429
gpt2-xl,20,1004,0.49524740328657746,0.5047525967134225,4.931384043890154,4.451275254665683,0.997,5,True,0.5033494225229417,0.3396155035724941,0.1637339189504476,10,0.0,3.1164182370461804,99.7,0.36830621696710797,0.04074608470465467,0.49782578030893876,0.4952880584289222,0.5047119415710778
gpt2-xl,20,1406,0.3967199954964677,0.6032800045035323,4.999997311138935,4.961194890207751,0.9997,5,True,0.3964950889348984,0.2776967585086822,0.11879833042621618,10,0.0,0.6976804414105647,78.7,0.36830621696710797,0.04074608470465467,0.6032796800763092,0.3967339633296037,0.6032660366703964
gpt2-xl,20,1424,0.40228624416549225,0.5977137558345078,4.998884850884811,4.922424489934632,0.9926,5,True,0.41269880533218384,0.3269313871860504,0.08576741814613342,10,0.0,0.8339765259770135,83.1,0.36830621696710797,0.04074608470465467,0.5975804478413168,0.402287495136261,0.5977125048637391
gpt2-xl,20,1790,0.5208478024411014,0.4791521975588986,4.999494832920569,4.9333082007362545,0.9966,5,True,0.48470503091812134,0.419874464280936,0.06483056663718534,10,0.0,3.7287378918643275,99.9,0.36830621696710797,0.04074608470465467,0.47910378717564983,0.5202376869504673,0.47976231304953265
gpt2-xl,20,2325,0.3585293968638872,0.6414706031361128,4.999502949099328,4.893103235847369,0.9918,5,True,0.3375695835762374,0.2502623498439789,0.08730723373225852,10,0.0,-0.24156460458209764,40.6,0.36830621696710797,0.04074608470465467,0.641406834427904,0.3584634051271594,0.6415365948728406
gpt2-xl,20,2679,0.4652837970445216,0.5347162029554784,4.999997187499913,4.959268214658595,0.9916,5,True,0.44228035723862347,0.3445719573156864,0.09770839992293706,10,0.0,2.3801350440276674,98.2,0.36830621696710797,0.04074608470465467,0.5347159021776049,0.4652874010795763,0.5347125989204238
gpt2-xl,20,2700,0.47812034302664536,0.5218796569733546,4.999996790653963,4.964049296419564,1.0,5,True,0.47215193585036397,0.381749540567398,0.09040239528296595,10,0.0,2.696241198768944,98.9,0.36830621696710797,0.04074608470465467,0.5218793219948729,0.478167489236327,0.521832510763673
gpt2-xl,20,2869,0.40973394102179406,0.5902660589782059,4.994128811633036,4.875381811122302,0.997,5,True,0.4142800769638977,0.3274262645073613,0.0868538124565364,10,0.0,1.0146589328487219,86.2,0.36830621696710797,0.04074608470465467,0.5895729463344287,0.4096495957912965,0.5903504042087035
gpt2-xl,20,2988,0.36810400682831684,0.6318959931716832,4.25287588347956,3.641816643793612,0.8099,4,True,0.3403254151344299,0.2985365479748414,0.04178886715958846,10,0.0,0.6687713856843089,77.5,0.36830621696710797,0.04074608470465467,0.5374750460454433,0.3955560324962501,0.6044439675037498
gpt2-xl,20,3313,0.5943660369652332,0.40563396303476684,4.999970936990291,4.956081629463346,0.9924,5,True,0.603526574993335,0.4127563834190368,0.19077019157429814,10,0.0,5.545470704239161,100.0,0.36830621696710797,0.04074608470465467,0.40563160524600567,0.5942624360092178,0.4057375639907822
gpt2-xl,20,3885,0.3914906035259212,0.6085093964740789,4.999975820272838,4.94570173691801,0.9842,5,True,0.38084161991825044,0.2241966441752531,0.15664497574299735,10,0.0,0.5658675551871264,74.2,0.36830621696710797,0.04074608470465467,0.6085064537558424,0.3913631043023785,0.6086368956976216
gpt2-xl,20,4268,0.6540332773224338,0.34596672267756623,4.282247240650761,3.785836669118673,0.9869,4,True,0.6459748541022372,0.4869090020656585,0.1590658520365787,10,0.0,7.017943202608376,100.0,0.36830621696710797,0.04074608470465467,0.296303008708599,0.6542599251530443,0.3457400748469557
gpt2-xl,20,4447,0.41846162281891547,0.5815383771810845,4.999999507780832,4.9637138351253345,0.9975,5,True,0.40571776354289046,0.2761631278797255,0.12955463566316494,10,0.0,1.2315015845022055,90.4,0.36830621696710797,0.04074608470465467,0.5815383199322173,0.4184850848431513,0.5815149151568487
gpt2-xl,20,4683,0.31243121751549274,0.6875687824845073,1.5270802165400368,1.2046248660520285,0.8271,1,True,0.31409217417240143,0.2791104912757873,0.03498168289661413,10,0.0,-0.6356207506228871,26.700000000000003,0.36830621696710797,0.04074608470465467,0.20999453704852217,0.3424071600221916,0.6575928399778084
gpt2-xl,20,5278,0.3431077544547644,0.6568922455452356,4.99987405444903,4.947354773647318,0.9984,5,True,0.31569604184055133,0.182299517715036,0.13339652412551534,10,0.0,-0.6124434158015467,27.0,0.36830621696710797,0.04074608470465467,0.656875699014077,0.3433515456700501,0.6566484543299499
gpt2-xl,20,5662,0.4061865048612737,0.5938134951387263,4.999763865017361,4.94433787475744,0.9966,5,True,0.38296489044360016,0.2431891858577728,0.13977570458582736,10,0.0,0.936681253099959,84.7,0.36830621696710797,0.04074608470465467,0.5937854511108531,0.406472310647181,0.593527689352819
gpt2-xl,20,5741,0.4151200324996282,0.5848799675003717,4.999974616353898,4.9466373863514566,0.9888,5,True,0.4052715599536896,0.2832662165164947,0.12200534343719488,10,0.0,1.1512946640752901,89.3,0.36830621696710797,0.04074608470465467,0.5848769982231503,0.4152169668695367,0.5847830331304633
gpt2-xl,20,5789,0.5729263105074323,0.42707368949256774,4.999997701521381,4.961257734093989,0.9973,5,True,0.5470903515815735,0.353557139635086,0.19353321194648748,10,0.0,5.0208914570888235,100.0,0.36830621696710797,0.04074608470465467,0.4270734931686189,0.5728878855705262,0.42711211442947383
gpt2-xl,20,6045,0.40495920156371595,0.595040798436284,4.1745236505539545,3.4698790912059105,0.8063,4,True,0.38947626448499917,0.2868396468854166,0.10263661759958259,10,0.0,0.9195053016803922,84.5,0.36830621696710797,0.04074608470465467,0.49680237722335524,0.4057724578757563,0.5942275421242438
gpt2-xl,40,183,0.4273164301724537,0.5726835698275463,2.9010315497476302,2.5116738438898736,0.9315,2,True,0.42147510528060705,0.3404600024223327,0.08101510285827435,10,0.0,1.8061546310082472,95.1,0.36830621696710797,0.04074608470465467,0.3322746208183624,0.4418999465518743,0.5581000534481257
gpt2-xl,40,364,0.3990677645770979,0.6009322354229021,4.98815392022963,4.766039111110446,0.9707,5,True,0.36671431913163377,0.2503648474921242,0.1163494716395096,10,0.0,0.8093847610887512,82.6,0.36830621696710797,0.04074608470465467,0.5995084971834208,0.4012854770010869,0.598714522998913
gpt2-xl,40,556,0.34493572694193475,0.6550642730580652,1.9735989147645643,1.4104165956228987,0.7623,1,True,0.3471480206186195,0.3099804335844264,0.037167587034193095,10,0.0,0.34635433810902705,64.3,0.36830621696710797,0.04074608470465467,0.25856682768168715,0.382418800165523,0.617581199834477
gpt2-xl,40,824,0.38195488160393154,0.6180451183960685,2.1518580430234078,2.057998957924629,0.9863,2,True,0.3359800526611407,0.2795123291306305,0.05646772353051022,10,0.0,-0.8260159362157939,20.7,0.36830621696710797,0.04074608470465467,0.26598907179438686,0.3346493016626646,0.6653506983373354
gpt2-xl,40,1516,0.5114237382717765,0.48857626172822355,2.5135280041260475,2.04019078793196,0.7783,2,True,0.3824448734521866,0.3159665465354919,0.0664783269166947,10,0.0,0.9925954110269086,85.9,0.36830621696710797,0.04074608470465467,0.24561002320102146,0.4087505936622619,0.591249406337738
gpt2-xl,40,1555,0.5068800575920448,0.4931199424079552,1.4718082038282752,1.2110722852654683,0.9574,1,True,0.40941489509308515,0.2788498235434404,0.13056507154964475,10,0.0,1.2161338823248193,89.9,0.36830621696710797,0.04074608470465467,0.145155595341471,0.4178589111485156,0.5821410888514844
gpt2-xl,40,1823,0.35424595377584006,0.64575404622416,3.0801336293857573,2.3884853158646853,0.7872,2,True,0.3325498942934254,0.2434094105118869,0.08914048378153852,10,0.0,-0.7383319605483388,23.599999999999998,0.36830621696710797,0.04074608470465467,0.397801750817392,0.3382220803624516,0.6617779196375484
gpt2-xl,40,3254,0.3328611971105666,0.6671388028894334,4.991931571231253,0.03623172809516596,0.0125,0,False,0.29893697182941714,0.2313562493707989,0.06758072245861824,10,0.0,-0.8750123132403682,19.6,0.36830621696710797,0.04074608470465467,0.6660622505074373,0.3326528911342001,0.6673471088657998
gpt2-xl,40,3515,0.41882354307889513,0.5811764569211049,3.8899475327579864,0.08347991833863995,0.1628,0,False,0.39961786862955617,0.2839012870847417,0.11571658154481446,10,0.0,1.0067906116586571,86.1,0.36830621696710797,0.04074608470465467,0.452149184939456,0.4093289925096027,0.5906710074903974
gpt2-xl,40,3612,0.3666242361002801,0.63337576389972,4.885242093212188,4.387134041145103,0.9121,5,True,0.3590060193531516,0.2401896571999997,0.11881636215315186,10,0.0,0.12281279700830726,55.400000000000006,0.36830621696710797,0.04074608470465467,0.6188387885246673,0.373310357596824,0.626689642403176
gpt2-xl,40,3636,0.38137867243508233,0.6186213275649177,3.00143965256531,2.229658790381398,0.6769000000000001,3,True,0.3787808978194267,0.2800631523132324,0.09871774550619428,10,0.0,0.09460202110954502,54.50000000000001,0.36830621696710797,0.04074608470465467,0.37135091649518753,0.372160878932469,0.6278391210675309
gpt2-xl,40,3948,0.3603804563886257,0.6396195436113743,4.47491161065323,3.641962419906977,0.984,3,True,0.3297208154534345,0.2389007969020864,0.09082001855134811,10,0.0,-0.08833988087591549,47.199999999999996,0.36830621696710797,0.04074608470465467,0.5724481844214517,0.3647067126981388,0.6352932873018612
gpt2-xl,40,4055,0.3554753220441627,0.6445246779558373,3.1033254001465567,2.938173398155434,0.9772,3,True,0.28429593481512017,0.1996116400227989,0.08468429479232126,10,0.0,-1.064179018943336,14.000000000000002,0.36830621696710797,0.04074608470465467,0.4000339608243259,0.3249450885203265,0.6750549114796736
gpt2-xl,40,4244,0.43391621951866743,0.5660837804813326,4.867634184235958,3.9552250835079006,0.8681000000000001,5,True,0.45170444625319683,0.2974670618017634,0.15423738445143342,10,0.0,1.8657335147932763,95.7,0.36830621696710797,0.04074608470465467,0.5510977522024917,0.4443275527971879,0.5556724472028121
gpt2-xl,40,4808,0.21884910276212702,0.781150897237873,1.1277745453438757,1.0538363663697838,0.9754,1,True,0.4252276363618309,0.1963021515697882,0.22892548479204272,10,0.0,0.21564483418474986,58.5,0.36830621696710797,0.04074608470465467,0.17619241959548054,0.377092899646921,0.6229071003530791
gpt2-xl,40,4965,0.4335051029780474,0.5664948970219525,4.999840268138992,4.9358057695149675,0.9835,5,True,0.4364691376686096,0.2949731349945068,0.14149600267410284,10,0.0,1.6019333669856177,93.8,0.36830621696710797,0.04074608470465467,0.566476799565122,0.4335787296295166,0.5664212703704834
gpt2-xl,40,5557,0.36780313598842046,0.6321968640115796,4.996455197223205,4.713057487088077,0.8803000000000001,5,True,0.33090511994379834,0.2836208899473103,0.04728422999648807,10,0.0,0.028516713706578777,52.0,0.36830621696710797,0.04074608470465467,0.6317486613717738,0.3694681613992946,0.6305318386007054
gpt2-xl,40,6067,0.38315551863173997,0.6168444813682601,4.99953814187786,4.916880742824969,0.9905,5,True,0.39667094903657685,0.2435426712036132,0.15312827783296365,10,0.0,0.3689666404349154,65.3,0.36830621696710797,0.04074608470465467,0.6167875024414967,0.3833401629514609,0.6166598370485391
gpt2-xl,40,6106,0.3421738401051282,0.6578261598948718,2.2228551453123355,1.875044725908903,0.7733,2,True,0.372570637659151,0.319117734405927,0.05345290325322399,10,0.0,0.2939198325456593,62.3,0.36830621696710797,0.04074608470465467,0.29245045284867416,0.3802822993603913,0.6197177006396086
gpt2-xl,40,6364,0.39351654832950916,0.6064834516704909,4.9335222185084255,0.04153750700171609,0.0402,0,False,0.3528628453684888,0.3220696363366107,0.0307932090318781,10,0.0,0.7597847720910785,80.60000000000001,0.36830621696710797,0.04074608470465467,0.5984199167948095,0.3992644716480378,0.6007355283519622
